Order_ID,Customer_Name,Product_Category,Product_Name,Quantity,Unit_Price,Discount,Order_Date,Region,Sales_Channel
ORD-00001,Grace,Electronics,Jeans,4,230.62,0.22,2025-12-10 22:07:17.382896,West,Catalog
ORD-00002,David,Home,Jeans,8,479.21,0.1,2026-05-28 22:07:17.382907,West,Catalog
ORD-00003,Henry,Books,Laptop,2,205.53,0.14,2026-01-25 22:07:17.382911,North,Online
ORD-00004,Eve,Home,Jeans,9,421.5,0.28,2025-12-04 22:07:17.382913,West,Store
ORD-00005,Grace,Home,Cookbook,6,102.38,0.1,2025-08-15 22:07:17.382915,West,Store
ORD-00006,Jack,Home,Lamp,9,339.51,0.14,2025-10-10 22:07:17.382918,South,Online
ORD-00007,Charlie,Home,Laptop,8,488.73,0.0,2026-05-21 22:07:17.382920,West,Catalog
ORD-00008,Grace,Sports,Laptop,7,59.93,0.02,2025-12-04 22:07:17.382922,North,Store
ORD-00009,Henry,Sports,Novel,1,14.08,0.08,2025-10-08 22:07:17.382924,South,Catalog
ORD-00010,Eve,Clothing,Ball,3,222.46,0.01,2025-12-23 22:07:17.382926,North,Store
ORD-00011,David,Electronics,Ball,2,55.39,0.19,2025-11-08 22:07:17.382928,East,Store
ORD-00012,Henry,Home,Cookbook,5,376.71,0.13,2026-07-06 22:07:17.382930,North,Store
ORD-00013,Henry,Clothing,Table,5,458.13,0.16,2026-01-30 22:07:17.382932,North,Store
ORD-00014,Charlie,Electronics,T-Shirt,5,222.67,0.05,2025-12-07 22:07:17.382934,South,Catalog
ORD-00015,Frank,Food,T-Shirt,4,136.77,0.09,2025-12-10 22:07:17.382936,West,Catalog
ORD-00016,Eve,Books,Cereal,5,222.86,0.2,2026-05-01 22:07:17.382938,North,Catalog
ORD-00017,Bob,Sports,Cookbook,3,364.49,0.29,2025-10-06 22:07:17.382939,South,Catalog
ORD-00018,Henry,Food,Laptop,1,14.44,0.02,2025-11-20 22:07:17.382941,East,Online
ORD-00019,Frank,Electronics,Cookbook,5,298.83,0.27,2026-04-05 22:07:17.382943,South,Store
ORD-00020,Bob,Food,Cookbook,9,310.51,0.17,2025-11-12 22:07:17.382945,South,Store
ORD-00021,Eve,Books,Cookbook,9,322.47,0.17,2026-04-27 22:07:17.382947,West,Store
ORD-00022,Alice,Electronics,Ball,4,128.59,0.15,2026-05-13 22:07:17.382949,North,Online
ORD-00023,,Food,Cookbook,3,359.89,0.02,2026-06-24 22:07:17.382950,East,Catalog
ORD-00024,Frank,Sports,Lamp,1,54.78,,2026-02-02 22:07:17.382952,South,Store
ORD-00025,Ivy,Sports,T-Shirt,2,107.64,0.18,2025-09-18 22:07:17.382954,North,Catalog
ORD-00026,Alice,Clothing,Cereal,8,439.96,0.1,2025-08-15 22:07:17.382956,North,Catalog
ORD-00027,Jack,Food,Lamp,1,371.97,0.28,2026-01-28 22:07:17.382958,South,Online
ORD-00028,Charlie,Home,Cereal,8,16.74,0.12,2026-03-07 22:07:17.382960,North,Online
ORD-00029,Grace,Food,Novel,7,131.7,0.04,2026-01-11 22:07:17.382962,South,Catalog
ORD-00030,David,Electronics,Cereal,8,115.06,0.21,2026-01-19 22:07:17.382964,South,Store
ORD-00031,Ivy,Electronics,T-Shirt,6,142.7,0.09,2025-12-18 22:07:17.382965,South,Store
ORD-00032,Charlie,Food,T-Shirt,9,131.3,0.16,2026-02-10 22:07:17.382967,East,Online
ORD-00033,Eve,Books,Cookbook,3,40.64,0.21,2026-02-13 22:07:17.382969,South,Online
ORD-00034,Charlie,Sports,Phone,4,234.88,,2026-07-11 22:07:17.382973,West,Online
ORD-00035,Grace,Electronics,Novel,6,369.04,0.24,2025-10-01 22:07:17.382975,North,Online
ORD-00036,Eve,Sports,Laptop,8,307.3,,2026-04-26 22:07:17.382977,East,Online
ORD-00037,Ivy,Electronics,Jeans,5,339.71,0.2,2025-09-03 22:07:17.382979,North,Online
ORD-00038,Grace,Clothing,Cereal,3,49.76,0.28,2026-06-12 22:07:17.382981,East,Online
ORD-00039,Bob,Home,Phone,6,476.23,0.09,2025-12-26 22:07:17.382983,West,Store
ORD-00040,David,Electronics,Cookbook,4,420.86,0.0,2025-12-07 22:07:17.382985,East,Online
ORD-00041,Ivy,Sports,Ball,9,404.49,0.08,2025-08-08 22:07:17.382986,East,Online
ORD-00042,Bob,Clothing,Laptop,3,413.26,0.07,2025-10-22 22:07:17.382988,East,Store
ORD-00043,,Electronics,Table,4,467.03,0.2,2025-10-18 22:07:17.382990,North,Store
ORD-00044,Ivy,Books,Phone,7,276.68,0.19,2025-11-15 22:07:17.382992,South,Catalog
ORD-00045,Jack,Home,Ball,7,108.14,0.18,2025-09-17 22:07:17.382994,North,Online
ORD-00046,Eve,Electronics,Novel,4,312.22,0.0,2025-12-28 22:07:17.382996,South,Online
ORD-00047,Bob,Clothing,Cookbook,6,374.01,0.22,2025-09-06 22:07:17.382998,North,Online
ORD-00048,David,Books,Laptop,3,371.58,0.1,2026-03-06 22:07:17.382999,West,Online
ORD-00049,Grace,Food,Laptop,6,265.51,0.2,2025-10-17 22:07:17.383001,West,Catalog
ORD-00050,Henry,Clothing,Laptop,2,43.54,0.17,2026-06-20 22:07:17.383003,East,Store
ORD-00051,Charlie,Clothing,Novel,8,191.85,0.1,2025-09-18 22:07:17.383005,West,Store
ORD-00052,Alice,Books,Cereal,2,461.18,0.04,2026-07-06 22:07:17.383007,East,Online
ORD-00053,David,Clothing,Table,7,296.38,0.03,2026-05-28 22:07:17.383009,South,Online
ORD-00054,Bob,Books,Novel,9,273.78,0.25,2026-04-03 22:07:17.383011,West,Online
ORD-00055,Henry,Electronics,Jeans,1,141.74,0.28,2026-07-19 22:07:17.383013,South,Catalog
ORD-00056,David,Books,Table,8,190.54,0.19,2026-01-23 22:07:17.383014,North,Catalog
ORD-00057,Bob,Books,T-Shirt,7,448.72,0.03,2026-07-11 22:07:17.383016,South,Store
ORD-00058,Frank,Home,Cookbook,6,336.57,0.12,2025-08-19 22:07:17.383018,North,Online
ORD-00059,Frank,Books,Novel,6,395.82,0.22,2025-10-12 22:07:17.383020,South,Online
ORD-00060,Jack,Books,Ball,6,232.63,0.23,2025-11-07 22:07:17.383022,South,Online
ORD-00061,David,Food,Table,9,318.82,0.04,2026-04-25 22:07:17.383024,West,Online
ORD-00062,Frank,Electronics,Jeans,2,131.71,0.0,2026-04-11 22:07:17.383026,South,Catalog
ORD-00063,Bob,Home,T-Shirt,1,355.68,0.21,2026-01-19 22:07:17.383027,West,Store
ORD-00064,Jack,Food,Cereal,6,219.52,0.11,2025-11-16 22:07:17.383029,West,Store
ORD-00065,,Sports,Ball,8,226.85,0.08,2025-11-11 22:07:17.383031,East,Catalog
ORD-00066,Jack,Electronics,Table,3,328.17,0.0,2026-05-09 22:07:17.383033,East,Online
ORD-00067,David,Electronics,Cookbook,1,468.78,0.16,2026-04-07 22:07:17.383035,North,Store
ORD-00068,Henry,Sports,Ball,9,41.36,0.26,2026-02-18 22:07:17.383037,South,Store
ORD-00069,Grace,Books,T-Shirt,1,414.12,0.29,2026-05-03 22:07:17.383039,North,Catalog
ORD-00070,Ivy,Food,Ball,3,153.27,0.17,2026-05-08 22:07:17.383040,South,Online
ORD-00071,Henry,Clothing,Lamp,8,227.52,0.15,2025-11-08 22:07:17.383042,East,Store
ORD-00072,Eve,Home,Phone,3,20.74,0.03,2026-03-19 22:07:17.383044,East,Online
ORD-00073,Bob,Clothing,Cereal,4,157.51,0.16,2025-10-15 22:07:17.383046,South,Store
ORD-00074,Eve,Sports,T-Shirt,8,256.29,0.11,2026-04-27 22:07:17.383048,South,Catalog
ORD-00075,Henry,Electronics,Ball,1,37.53,,2026-01-01 22:07:17.383050,East,Online
ORD-00076,Jack,Electronics,Phone,6,250.64,0.12,2026-07-08 22:07:17.383051,East,Catalog
ORD-00077,Ivy,Home,Phone,1,464.28,0.07,2026-02-23 22:07:17.383053,North,Store
ORD-00078,Ivy,Electronics,Ball,1,61.64,0.03,2025-11-12 22:07:17.383055,East,Catalog
ORD-00079,Alice,Electronics,Cookbook,8,384.58,0.09,2026-01-17 22:07:17.383057,South,Catalog
ORD-00080,Ivy,Home,Lamp,4,210.74,0.03,2025-08-29 22:07:17.383059,North,Catalog
ORD-00081,Grace,Food,Novel,1,331.04,0.05,2026-06-22 22:07:17.383061,South,Store
ORD-00082,Ivy,Food,Lamp,7,137.52,0.3,2025-10-26 22:07:17.383063,West,Online
ORD-00083,Henry,Home,Ball,5,88.15,0.13,2026-07-19 22:07:17.383065,North,Catalog
ORD-00084,Alice,Sports,Cereal,5,88.63,0.16,2025-08-28 22:07:17.383066,South,Online
ORD-00085,Henry,Electronics,Novel,1,44.54,0.26,2025-09-19 22:07:17.383068,East,Store
ORD-00086,Henry,Electronics,T-Shirt,6,100.97,0.3,2025-08-25 22:07:17.383070,West,Online
ORD-00087,Charlie,Sports,Lamp,9,335.47,0.17,2026-02-05 22:07:17.383072,South,Catalog
ORD-00088,Alice,Food,Ball,9,442.03,0.24,2026-01-24 22:07:17.383074,North,Catalog
ORD-00089,Henry,Books,Lamp,8,408.92,0.1,2026-01-27 22:07:17.383076,South,Catalog
ORD-00090,Charlie,Books,Novel,5,345.72,0.09,2026-03-03 22:07:17.383078,West,Catalog
ORD-00091,Charlie,Books,Jeans,1,64.11,0.12,2025-07-27 22:07:17.383079,North,Catalog
ORD-00092,Alice,Food,Table,9,151.7,0.2,2025-11-18 22:07:17.383081,West,Catalog
ORD-00093,Eve,Food,Lamp,1,161.81,0.2,2026-03-19 22:07:17.383083,South,Store
ORD-00094,,Sports,T-Shirt,8,132.48,0.09,2025-11-03 22:07:17.383085,East,Store
ORD-00095,Grace,Electronics,T-Shirt,5,262.35,0.04,2026-06-14 22:07:17.383087,East,Store
ORD-00096,Jack,Sports,Laptop,3,272.42,0.19,2025-08-03 22:07:17.383089,South,Online
ORD-00097,Ivy,Sports,Lamp,7,184.87,0.04,2025-11-11 22:07:17.383091,South,Online
ORD-00098,Grace,Food,Table,7,183.36,,2026-03-03 22:07:17.383093,South,Store
ORD-00099,Ivy,Books,Cookbook,9,415.99,0.21,2025-11-26 22:07:17.383094,North,Online
ORD-00100,Henry,Clothing,Phone,7,396.75,0.21,2025-12-08 22:07:17.383096,West,Online
ORD-00101,Bob,Electronics,Table,3,160.82,0.23,2025-08-17 22:07:17.383098,West,Catalog
ORD-00102,Alice,Food,Phone,1,457.76,0.26,2026-01-07 22:07:17.383100,West,Catalog
ORD-00103,Grace,Books,Phone,8,476.88,0.15,2026-05-20 22:07:17.383102,South,Online
ORD-00104,Grace,Clothing,Jeans,3,170.1,0.22,2026-07-13 22:07:17.383103,West,Online
ORD-00105,Henry,Clothing,Laptop,8,183.67,0.19,2026-04-07 22:07:17.383105,South,Store
ORD-00106,Eve,Food,Table,8,257.76,0.06,2026-06-28 22:07:17.383107,North,Online
ORD-00107,Charlie,Home,Table,5,471.15,0.01,2026-02-23 22:07:17.383109,East,Catalog
ORD-00108,Henry,Electronics,Jeans,1,439.4,0.09,2025-12-15 22:07:17.383111,South,Online
ORD-00109,Frank,Clothing,Lamp,7,60.26,0.13,2025-08-17 22:07:17.383112,South,Store
ORD-00110,Charlie,Food,Lamp,5,202.44,0.19,2025-11-29 22:07:17.383114,East,Catalog
ORD-00111,Alice,Food,Lamp,8,281.15,0.25,2025-11-29 22:07:17.383116,East,Catalog
ORD-00112,Charlie,Books,Cereal,9,256.53,0.06,2025-12-17 22:07:17.383118,North,Catalog
ORD-00113,Eve,Home,Phone,7,104.99,0.04,2026-02-23 22:07:17.383120,West,Catalog
ORD-00114,Charlie,Electronics,Cereal,7,430.82,0.29,2026-03-23 22:07:17.383122,South,Online
ORD-00115,Alice,Sports,Laptop,1,341.7,0.03,2026-03-02 22:07:17.383123,West,Store
ORD-00116,Eve,Books,Jeans,4,420.58,0.14,2026-01-16 22:07:17.383127,South,Online
ORD-00117,Jack,Clothing,Table,2,430.79,0.18,2025-11-11 22:07:17.383129,North,Online
ORD-00118,Grace,Clothing,Phone,2,376.69,0.16,2026-05-17 22:07:17.383131,East,Catalog
ORD-00119,Grace,Books,Cereal,2,225.21,0.03,2026-04-11 22:07:17.383133,North,Store
ORD-00120,Ivy,Food,Cereal,4,309.17,0.02,2025-08-22 22:07:17.383134,East,Catalog
ORD-00121,Jack,Clothing,Ball,1,88.58,0.03,2026-02-15 22:07:17.383136,West,Online
ORD-00122,Jack,Home,Cereal,4,340.09,0.18,2025-09-18 22:07:17.383138,West,Online
ORD-00123,Charlie,Electronics,Cookbook,2,97.83,0.16,2025-07-27 22:07:17.383140,North,Catalog
ORD-00124,Grace,Home,Table,5,350.04,0.07,2025-09-27 22:07:17.383142,East,Online
ORD-00125,Alice,Clothing,Cookbook,3,122.5,0.19,2026-04-25 22:07:17.383144,North,Online
ORD-00126,David,Sports,Table,8,67.6,0.25,2025-08-01 22:07:17.383146,East,Catalog
ORD-00127,David,Electronics,Jeans,4,90.99,0.01,2025-11-10 22:07:17.383148,East,Online
ORD-00128,Eve,Electronics,Table,1,10.98,0.15,2025-08-05 22:07:17.383150,West,Store
ORD-00129,Grace,Books,Cookbook,1,362.18,0.21,2025-12-16 22:07:17.383151,West,Catalog
ORD-00130,Grace,Books,Table,3,368.88,0.08,2026-07-15 22:07:17.383154,East,Store
ORD-00131,David,Sports,Jeans,9,262.32,0.09,2026-07-12 22:07:17.383156,East,Online
ORD-00132,Grace,Food,Jeans,7,89.07,0.18,2025-09-02 22:07:17.383157,East,Online
ORD-00133,Charlie,Electronics,Laptop,2,50.94,0.27,2025-11-22 22:07:17.383159,West,Catalog
ORD-00134,Frank,Sports,Table,9,19.37,0.24,2026-01-23 22:07:17.383161,West,Online
ORD-00135,Bob,Books,Ball,2,91.22,0.17,2025-10-13 22:07:17.383163,South,Catalog
ORD-00136,Jack,Books,Lamp,3,446.52,0.22,2025-09-15 22:07:17.383165,East,Catalog
ORD-00137,Ivy,Electronics,T-Shirt,2,128.35,0.11,2026-04-16 22:07:17.383167,South,Catalog
ORD-00138,Eve,Home,Jeans,3,183.59,0.19,2026-01-08 22:07:17.383168,East,Catalog
ORD-00139,Frank,Clothing,Novel,6,61.62,0.14,2025-12-10 22:07:17.383170,West,Catalog
ORD-00140,David,Books,Lamp,9,118.96,,2025-08-25 22:07:17.383172,South,Store
ORD-00141,Jack,Food,Phone,9,264.42,0.21,2026-04-12 22:07:17.383174,South,Catalog
ORD-00142,Grace,Food,Table,7,307.8,0.17,2026-04-09 22:07:17.383176,North,Store
ORD-00143,Ivy,Books,Cookbook,3,130.22,0.11,2025-07-24 22:07:17.383178,East,Online
ORD-00144,Grace,Home,T-Shirt,4,38.29,0.27,2026-05-27 22:07:17.383179,West,Catalog
ORD-00145,Alice,Home,Novel,6,201.61,0.01,2026-05-07 22:07:17.383181,North,Online
ORD-00146,Alice,Sports,Lamp,5,124.76,0.09,2026-05-10 22:07:17.383183,North,Catalog
ORD-00147,Ivy,Food,Table,2,117.58,0.02,2026-06-12 22:07:17.383185,East,Store
ORD-00148,Ivy,Sports,Laptop,6,480.33,0.23,2025-09-03 22:07:17.383187,North,Store
ORD-00149,David,Food,Phone,3,311.99,0.21,2026-01-24 22:07:17.383189,East,Store
ORD-00150,Ivy,Clothing,T-Shirt,8,282.87,0.1,2026-06-21 22:07:17.383190,North,Online
ORD-00151,Charlie,Clothing,Ball,2,213.73,0.2,2026-05-14 22:07:17.383192,East,Catalog
ORD-00152,Grace,Electronics,Laptop,1,220.18,0.12,2026-05-29 22:07:17.383194,West,Online
ORD-00153,Frank,Sports,Novel,9,275.04,,2026-04-10 22:07:17.383196,East,Store
ORD-00154,Henry,Books,T-Shirt,3,351.25,0.14,2026-01-05 22:07:17.383198,East,Online
ORD-00155,Ivy,Sports,Laptop,1,354.05,0.12,2026-04-14 22:07:17.383199,South,Store
ORD-00156,Eve,Books,Phone,7,94.13,0.28,2025-11-10 22:07:17.383201,West,Store
ORD-00157,Alice,Home,Ball,5,255.06,0.08,2025-09-20 22:07:17.383203,West,Store
ORD-00158,Charlie,Sports,Laptop,5,211.86,0.04,2026-05-11 22:07:17.383205,West,Catalog
ORD-00159,,Home,Cereal,1,436.56,0.18,2026-02-03 22:07:17.383207,North,Catalog
ORD-00160,Henry,Clothing,Ball,9,319.4,0.29,2026-03-03 22:07:17.383209,South,Store
ORD-00161,Frank,Clothing,Novel,7,270.93,0.11,2026-02-08 22:07:17.383210,West,Online
ORD-00162,Henry,Electronics,Phone,8,66.54,0.02,2025-11-05 22:07:17.383212,North,Online
ORD-00163,Ivy,Sports,Table,9,306.76,0.1,2025-12-15 22:07:17.383214,North,Catalog
ORD-00164,David,Home,Cookbook,6,67.43,0.15,2026-05-02 22:07:17.383216,North,Store
ORD-00165,Alice,Books,Cookbook,5,175.23,0.05,2026-01-23 22:07:17.383218,South,Online
ORD-00166,Alice,Clothing,Cookbook,6,79.99,0.2,2025-09-20 22:07:17.383219,North,Store
ORD-00167,Jack,Clothing,T-Shirt,2,349.12,0.3,2026-07-14 22:07:17.383221,South,Online
ORD-00168,David,Books,Novel,4,111.06,0.14,2026-07-20 22:07:17.383223,East,Catalog
ORD-00169,Grace,Home,Phone,3,202.01,0.11,2025-08-07 22:07:17.383225,North,Store
ORD-00170,Bob,Home,Ball,7,448.88,0.12,2025-08-22 22:07:17.383227,West,Store
ORD-00171,Charlie,Sports,T-Shirt,9,110.12,0.03,2025-10-05 22:07:17.383229,North,Online
ORD-00172,Alice,Sports,Novel,5,258.82,0.26,2025-10-16 22:07:17.383230,East,Online
ORD-00173,Eve,Food,Table,6,215.44,0.12,2025-12-21 22:07:17.383232,East,Online
ORD-00174,Alice,Food,Cereal,2,18.88,0.12,2026-04-17 22:07:17.383234,North,Store
ORD-00175,Henry,Electronics,Phone,3,398.45,0.2,2026-04-14 22:07:17.383236,East,Catalog
ORD-00176,Alice,Clothing,Cookbook,3,43.83,0.13,2026-07-15 22:07:17.383238,South,Catalog
ORD-00177,,Sports,Laptop,9,242.38,0.19,2026-05-24 22:07:17.383240,South,Online
ORD-00178,Bob,Home,Phone,7,284.73,0.02,2025-09-18 22:07:17.383242,North,Catalog
ORD-00179,Bob,Books,Jeans,8,317.93,0.24,2026-02-28 22:07:17.383243,South,Online
ORD-00180,Frank,Home,Novel,9,347.43,0.28,2026-05-22 22:07:17.383245,South,Catalog
ORD-00181,Grace,Clothing,Lamp,6,134.1,0.19,2026-03-25 22:07:17.383247,West,Store
ORD-00182,Eve,Food,Table,4,14.89,,2025-12-10 22:07:17.383249,North,Online
ORD-00183,Alice,Home,Cereal,1,364.49,0.05,2026-04-10 22:07:17.383251,East,Catalog
ORD-00184,,Electronics,Table,8,272.47,0.14,2025-11-06 22:07:17.383253,North,Store
ORD-00185,Charlie,Clothing,Phone,7,419.7,0.18,2025-08-09 22:07:17.383254,South,Catalog
ORD-00186,Bob,Food,Lamp,2,412.48,0.17,2025-11-11 22:07:17.383256,West,Store
ORD-00187,Eve,Books,Jeans,8,423.23,0.12,2025-12-29 22:07:17.383258,North,Store
ORD-00188,Jack,Food,Ball,5,247.7,0.1,2026-06-26 22:07:17.383260,North,Catalog
ORD-00189,Frank,Electronics,Laptop,7,173.48,0.04,2026-02-04 22:07:17.383262,South,Catalog
ORD-00190,Grace,Clothing,Lamp,4,397.86,0.12,2025-08-22 22:07:17.383263,South,Store
ORD-00191,David,Books,Novel,5,231.13,0.05,2026-05-09 22:07:17.383265,North,Store
ORD-00192,Grace,Electronics,Cookbook,8,99.89,0.22,2026-03-30 22:07:17.383267,South,Store
ORD-00193,Henry,Food,Jeans,1,428.94,,2026-05-16 22:07:17.383269,South,Online
ORD-00194,Alice,Electronics,Laptop,1,442.45,0.02,2025-08-04 22:07:17.383271,South,Store
ORD-00195,Frank,Clothing,Cereal,4,238.49,0.17,2025-12-02 22:07:17.383272,South,Online
ORD-00196,Henry,Sports,Cookbook,3,47.09,0.18,2026-07-23 22:07:17.383274,South,Store
ORD-00197,Eve,Electronics,Phone,2,200.03,0.26,2026-02-07 22:07:17.383276,West,Online
ORD-00198,David,Electronics,Lamp,3,403.73,0.17,2025-08-06 22:07:17.383278,South,Store
ORD-00199,Bob,Food,Laptop,1,451.87,0.1,2025-12-18 22:07:17.383280,East,Store
ORD-00200,Frank,Food,T-Shirt,1,109.7,0.24,2025-10-24 22:07:17.383282,North,Store
ORD-00201,Frank,Books,Ball,6,42.82,0.16,2025-11-15 22:07:17.383283,West,Catalog
ORD-00202,Alice,Food,Ball,5,439.9,0.02,2025-08-11 22:07:17.383285,West,Catalog
ORD-00203,Ivy,Home,Jeans,8,200.81,0.17,2025-08-14 22:07:17.383287,South,Store
ORD-00204,Frank,Clothing,Cereal,2,275.46,0.27,2026-01-31 22:07:17.383289,North,Online
ORD-00205,Charlie,Clothing,Jeans,4,484.35,0.12,2026-02-04 22:07:17.383291,East,Online
ORD-00206,David,Sports,T-Shirt,8,42.62,0.09,2025-11-20 22:07:17.383293,South,Store
ORD-00207,David,Sports,Novel,6,327.68,0.04,2026-04-25 22:07:17.383294,North,Catalog
ORD-00208,Charlie,Clothing,Cereal,1,46.31,0.05,2026-06-05 22:07:17.383296,South,Online
ORD-00209,Jack,Sports,Table,4,193.98,0.13,2025-10-03 22:07:17.383298,South,Catalog
ORD-00210,Charlie,Books,Novel,1,403.87,0.18,2026-02-24 22:07:17.383300,South,Online
ORD-00211,Charlie,Food,Cereal,2,222.4,0.02,2026-03-14 22:07:17.383302,South,Store
ORD-00212,David,Clothing,Cereal,5,498.62,0.28,2026-05-26 22:07:17.383303,South,Catalog
ORD-00213,Grace,Sports,T-Shirt,8,283.94,0.23,2025-09-03 22:07:17.383305,South,Online
ORD-00214,David,Clothing,Phone,8,167.37,0.18,2026-01-06 22:07:17.383307,South,Store
ORD-00215,Ivy,Home,T-Shirt,3,117.85,0.25,2025-12-21 22:07:17.383309,East,Store
ORD-00216,Alice,Electronics,Cereal,4,181.76,0.02,2026-06-05 22:07:17.383310,West,Store
ORD-00217,Henry,Food,Laptop,6,192.54,0.14,2025-12-04 22:07:17.383312,East,Catalog
ORD-00218,Grace,Clothing,Novel,3,43.67,0.19,2025-11-19 22:07:17.383314,South,Catalog
ORD-00219,Bob,Electronics,T-Shirt,2,191.09,0.25,2025-11-27 22:07:17.383316,South,Store
ORD-00220,Henry,Sports,Phone,6,237.48,0.24,2026-02-06 22:07:17.383317,East,Catalog
ORD-00221,Alice,Electronics,Lamp,5,364.14,0.08,2026-06-06 22:07:17.383319,East,Online
ORD-00222,Ivy,Food,Jeans,5,331.8,0.28,2026-06-03 22:07:17.383321,West,Store
ORD-00223,Ivy,Clothing,Cereal,5,357.3,0.04,2025-09-28 22:07:17.383323,East,Store
ORD-00224,Bob,Home,Table,5,14.1,0.26,2026-04-17 22:07:17.383324,West,Catalog
ORD-00225,Grace,Sports,Lamp,3,116.66,0.29,2025-12-20 22:07:17.383326,South,Store
ORD-00226,Jack,Clothing,Ball,7,334.23,0.05,2026-01-28 22:07:17.383328,North,Online
ORD-00227,Charlie,Food,Cookbook,6,247.15,0.22,2026-05-05 22:07:17.383330,North,Catalog
ORD-00228,Grace,Sports,Phone,4,12.6,0.01,2026-01-20 22:07:17.383331,North,Catalog
ORD-00229,Jack,Books,Table,2,404.2,0.12,2026-06-27 22:07:17.383333,North,Store
ORD-00230,Ivy,Electronics,Cookbook,9,388.68,0.15,2026-01-10 22:07:17.383335,South,Store
ORD-00231,David,Food,Phone,1,278.73,0.17,2025-12-22 22:07:17.383337,North,Store
ORD-00232,Alice,Books,Laptop,4,42.57,0.28,2025-08-16 22:07:17.383338,East,Catalog
ORD-00233,Bob,Clothing,Jeans,1,385.59,0.2,2026-04-01 22:07:17.383340,East,Store
ORD-00234,Alice,Home,Lamp,6,296.02,0.14,2025-11-24 22:07:17.383342,North,Online
ORD-00235,Eve,Sports,Novel,4,393.16,0.24,2026-03-22 22:07:17.383344,East,Store
ORD-00236,Eve,Electronics,Phone,5,378.36,0.29,2025-09-22 22:07:17.383346,West,Store
ORD-00237,Grace,Sports,Novel,5,403.47,0.01,2026-05-09 22:07:17.383348,South,Catalog
ORD-00238,Ivy,Clothing,Jeans,9,263.82,0.29,2025-09-16 22:07:17.383349,North,Store
ORD-00239,Ivy,Sports,Cereal,1,78.76,0.03,2025-09-15 22:07:17.383351,North,Catalog
ORD-00240,Charlie,Electronics,Ball,2,338.87,0.24,2026-01-09 22:07:17.383353,South,Store
ORD-00241,Charlie,Clothing,Lamp,6,314.03,0.08,2025-08-07 22:07:17.383355,East,Online
ORD-00242,Charlie,Sports,Jeans,5,373.7,0.04,2026-06-10 22:07:17.383357,South,Online
ORD-00243,David,Home,Jeans,7,93.24,0.13,2026-01-19 22:07:17.383358,South,Catalog
ORD-00244,Henry,Food,Laptop,3,105.54,0.19,2025-08-15 22:07:17.383360,East,Catalog
ORD-00245,Frank,Clothing,Cookbook,3,446.3,0.11,2025-11-20 22:07:17.383362,South,Store
ORD-00246,Henry,Food,Ball,2,377.49,0.02,2026-05-01 22:07:17.383364,East,Store
ORD-00247,Alice,Clothing,Lamp,3,455.03,0.18,2025-12-29 22:07:17.383366,East,Online
ORD-00248,Henry,Home,Cereal,1,381.77,0.27,2026-02-23 22:07:17.383367,South,Store
ORD-00249,David,Food,Cereal,5,302.61,0.11,2026-02-18 22:07:17.383369,West,Online
ORD-00250,Alice,Books,T-Shirt,5,330.53,0.06,2026-07-08 22:07:17.383371,East,Catalog
ORD-00251,Henry,Electronics,Jeans,7,445.67,,2026-02-09 22:07:17.383373,South,Store
ORD-00252,David,Books,Phone,4,293.62,0.01,2026-03-01 22:07:17.383374,East,Catalog
ORD-00253,Frank,Sports,Laptop,3,319.87,0.25,2026-06-17 22:07:17.383376,West,Store
ORD-00254,Henry,Home,Ball,1,86.67,0.25,2025-08-25 22:07:17.383378,West,Online
ORD-00255,David,Books,Cereal,8,242.22,0.18,2026-06-09 22:07:17.383380,North,Catalog
ORD-00256,Charlie,Clothing,Lamp,3,361.03,,2025-12-30 22:07:17.383382,East,Catalog
ORD-00257,Ivy,Sports,T-Shirt,2,142.76,0.24,2026-05-23 22:07:17.383383,East,Store
ORD-00258,Charlie,Sports,Lamp,4,109.1,0.17,2025-08-02 22:07:17.383385,South,Catalog
ORD-00259,Ivy,Books,Laptop,3,163.78,0.25,2025-09-19 22:07:17.383387,East,Online
ORD-00260,Bob,Books,Phone,1,128.34,0.19,2026-07-05 22:07:17.383389,North,Catalog
ORD-00261,Bob,Home,T-Shirt,3,115.31,0.24,2025-07-24 22:07:17.383391,West,Catalog
ORD-00262,Bob,Electronics,T-Shirt,2,218.18,0.18,2025-09-27 22:07:17.383393,West,Store
ORD-00263,Frank,Books,Cookbook,8,454.84,0.12,2026-07-17 22:07:17.383395,North,Catalog
ORD-00264,Charlie,Books,Ball,6,258.46,,2025-11-17 22:07:17.383396,East,Store
ORD-00265,Ivy,Food,T-Shirt,9,102.08,0.16,2026-03-29 22:07:17.383398,East,Store
ORD-00266,David,Clothing,Cookbook,8,47.72,0.18,2026-05-17 22:07:17.383400,North,Catalog
ORD-00267,Alice,Food,Cookbook,3,351.12,0.07,2026-06-20 22:07:17.383402,South,Online
ORD-00268,David,Food,Laptop,5,197.57,0.19,2026-01-11 22:07:17.383403,West,Store
ORD-00269,Alice,Sports,Novel,7,412.7,0.17,2025-09-02 22:07:17.383405,North,Catalog
ORD-00270,Eve,Electronics,Lamp,5,333.16,0.06,2026-05-30 22:07:17.383407,North,Store
ORD-00271,David,Clothing,Phone,8,400.16,0.02,2025-10-31 22:07:17.383409,East,Online
ORD-00272,Henry,Home,Table,5,143.25,0.18,2026-06-12 22:07:17.383411,West,Online
ORD-00273,Henry,Home,Lamp,1,349.26,0.23,2025-09-30 22:07:17.383413,East,Store
ORD-00274,Grace,Books,T-Shirt,5,139.39,0.16,2025-12-05 22:07:17.383414,North,Online
ORD-00275,Charlie,Books,Phone,4,470.14,0.07,2026-07-14 22:07:17.383416,South,Catalog
ORD-00276,Alice,Home,Cereal,6,321.82,0.2,2025-07-31 22:07:17.383418,West,Catalog
ORD-00277,Alice,Books,Novel,3,169.01,0.02,2026-03-18 22:07:17.383420,North,Store
ORD-00278,Charlie,Electronics,Cereal,5,142.06,0.13,2026-01-26 22:07:17.383422,North,Online
ORD-00279,Frank,Food,Cereal,2,103.55,0.05,2026-01-12 22:07:17.383424,South,Catalog
ORD-00280,Grace,Books,Ball,6,350.37,0.06,2026-04-23 22:07:17.383425,North,Catalog
ORD-00281,Frank,Sports,Lamp,6,117.17,0.06,2025-12-05 22:07:17.383427,North,Catalog
ORD-00282,Frank,Books,Table,5,301.7,0.12,2026-05-07 22:07:17.383429,West,Store
ORD-00283,Frank,Clothing,Laptop,6,139.67,0.02,2026-04-30 22:07:17.383431,West,Store
ORD-00284,Charlie,Electronics,Table,7,334.36,0.12,2026-06-24 22:07:17.383433,West,Catalog
ORD-00285,Frank,Clothing,Cereal,5,409.32,0.15,2025-12-23 22:07:17.383434,East,Catalog
ORD-00286,Henry,Clothing,T-Shirt,1,391.23,0.14,2026-06-05 22:07:17.383436,South,Online
ORD-00287,Bob,Sports,Novel,8,382.82,0.11,2025-11-01 22:07:17.383438,West,Online
ORD-00288,Eve,Electronics,Jeans,4,101.98,0.25,2026-03-01 22:07:17.383440,East,Online
ORD-00289,Alice,Electronics,Table,9,53.31,0.04,2026-05-16 22:07:17.383442,East,Store
ORD-00290,Alice,Electronics,Cereal,6,352.48,0.15,2026-05-27 22:07:17.383444,South,Catalog
ORD-00291,Eve,Electronics,Novel,1,190.49,0.02,2026-01-20 22:07:17.383445,South,Store
ORD-00292,Charlie,Electronics,Phone,3,221.85,0.02,2026-05-23 22:07:17.383447,North,Catalog
ORD-00293,David,Sports,Lamp,3,25.26,0.17,2025-09-19 22:07:17.383449,East,Online
ORD-00294,Charlie,Books,Cookbook,4,137.19,0.17,2025-10-01 22:07:17.383450,West,Online
ORD-00295,Alice,Clothing,Ball,6,26.5,0.26,2026-02-08 22:07:17.383452,South,Online
ORD-00296,Alice,Electronics,Novel,7,440.8,0.17,2026-02-03 22:07:17.383454,East,Online
ORD-00297,Eve,Books,T-Shirt,4,129.26,0.29,2026-05-22 22:07:17.383456,West,Catalog
ORD-00298,Frank,Books,T-Shirt,6,283.1,0.01,2026-02-27 22:07:17.383458,East,Online
ORD-00299,Charlie,Clothing,Novel,1,29.1,0.03,2025-09-21 22:07:17.383459,South,Catalog
ORD-00300,Ivy,Sports,T-Shirt,8,336.76,0.01,2026-02-13 22:07:17.383461,North,Catalog
ORD-00301,,Home,Lamp,7,168.28,0.06,2026-03-05 22:07:17.383463,East,Store
ORD-00302,Henry,Home,T-Shirt,9,449.98,0.16,2025-08-24 22:07:17.383465,West,Online
ORD-00303,Alice,Books,Table,3,445.18,0.19,2026-04-18 22:07:17.383467,South,Online
ORD-00304,Eve,Food,Cookbook,2,169.39,0.01,2025-12-15 22:07:17.383468,North,Store
ORD-00305,Charlie,Food,T-Shirt,1,451.47,0.28,2026-06-11 22:07:17.383470,West,Catalog
ORD-00306,Alice,Clothing,Cookbook,3,498.12,0.25,2025-10-05 22:07:17.383472,West,Online
ORD-00307,David,Home,Cereal,5,414.45,0.09,2026-04-07 22:07:17.383473,West,Catalog
ORD-00308,Eve,Books,Laptop,2,423.99,0.02,2025-10-31 22:07:17.383475,East,Store
ORD-00309,Grace,Sports,Lamp,3,132.01,0.05,2026-04-20 22:07:17.383477,South,Catalog
ORD-00310,Alice,Home,Laptop,4,292.58,0.04,2025-11-04 22:07:17.383479,West,Online
ORD-00311,Charlie,Books,Cereal,7,42.96,0.04,2025-09-14 22:07:17.383481,East,Catalog
ORD-00312,Bob,Books,Lamp,3,56.51,,2026-05-14 22:07:17.383484,South,Catalog
ORD-00313,Ivy,Electronics,Novel,9,499.46,0.07,2025-12-17 22:07:17.383486,South,Online
ORD-00314,Jack,Sports,Novel,8,170.05,0.11,2026-07-03 22:07:17.383489,East,Online
ORD-00315,Frank,Electronics,Cookbook,4,376.61,0.3,2026-04-23 22:07:17.383491,East,Catalog
ORD-00316,Jack,Clothing,Cereal,1,405.27,0.21,2026-03-19 22:07:17.383493,West,Catalog
ORD-00317,Charlie,Electronics,Cookbook,1,430.43,0.28,2026-05-05 22:07:17.383495,South,Store
ORD-00318,Henry,Electronics,Ball,1,498.84,,2025-09-15 22:07:17.383498,North,Online
ORD-00319,Henry,Home,T-Shirt,1,128.33,0.11,2025-11-28 22:07:17.383500,East,Catalog
ORD-00320,Bob,Food,Jeans,8,29.77,0.17,2026-01-23 22:07:17.383502,South,Online
ORD-00321,Frank,Books,Ball,3,211.48,0.02,2026-06-29 22:07:17.383504,South,Store
ORD-00322,Grace,Sports,T-Shirt,6,73.74,0.0,2026-02-18 22:07:17.383506,West,Catalog
ORD-00323,Bob,Electronics,Lamp,3,20.99,0.2,2026-07-19 22:07:17.383508,North,Catalog
ORD-00324,Jack,Sports,Cookbook,5,186.61,0.19,2026-03-26 22:07:17.383510,West,Catalog
ORD-00325,Bob,Food,Lamp,7,394.03,0.12,2025-10-20 22:07:17.383511,North,Online
ORD-00326,Jack,Food,Lamp,2,287.43,0.15,2026-07-06 22:07:17.383513,North,Store
ORD-00327,Alice,Electronics,T-Shirt,6,163.26,0.12,2026-01-07 22:07:17.383515,East,Online
ORD-00328,Henry,Clothing,Cereal,6,330.63,0.01,2026-05-28 22:07:17.383517,South,Catalog
ORD-00329,Alice,Electronics,T-Shirt,3,123.69,0.1,2026-04-22 22:07:17.383518,South,Store
ORD-00330,Ivy,Home,Phone,6,17.05,0.05,2026-07-05 22:07:17.383520,South,Catalog
ORD-00331,Frank,Books,Novel,5,384.53,0.03,2025-08-05 22:07:17.383522,North,Catalog
ORD-00332,Grace,Clothing,Novel,2,315.63,0.29,2026-01-12 22:07:17.383524,South,Online
ORD-00333,Jack,Electronics,Ball,9,383.53,0.18,2025-11-29 22:07:17.383526,East,Catalog
ORD-00334,Grace,Sports,Novel,8,29.08,0.22,2025-10-20 22:07:17.383527,North,Store
ORD-00335,Jack,Clothing,T-Shirt,3,420.19,0.09,2025-12-09 22:07:17.383529,North,Catalog
ORD-00336,Charlie,Clothing,Table,8,313.57,0.12,2025-12-03 22:07:17.383531,North,Catalog
ORD-00337,Bob,Electronics,Cookbook,9,286.06,0.07,2026-06-14 22:07:17.383533,North,Online
ORD-00338,Ivy,Clothing,T-Shirt,3,316.06,0.03,2025-09-04 22:07:17.383535,East,Store
ORD-00339,Henry,Sports,T-Shirt,3,433.57,0.05,2026-02-21 22:07:17.383536,South,Online
ORD-00340,Jack,Food,Jeans,2,297.6,0.24,2026-03-19 22:07:17.383538,East,Catalog
ORD-00341,Grace,Clothing,Cookbook,8,294.67,0.2,2025-11-29 22:07:17.383540,South,Online
ORD-00342,Ivy,Food,Phone,1,495.43,0.16,2026-05-30 22:07:17.383542,East,Online
ORD-00343,David,Sports,Novel,8,380.8,0.14,2026-02-02 22:07:17.383544,West,Online
ORD-00344,David,Electronics,Cookbook,7,226.72,0.28,2026-04-06 22:07:17.383545,West,Online
ORD-00345,Alice,Books,Novel,7,356.62,0.02,2025-08-04 22:07:17.383547,West,Catalog
ORD-00346,Henry,Clothing,Ball,3,200.72,0.08,2026-01-21 22:07:17.383549,West,Catalog
ORD-00347,Charlie,Books,Cookbook,1,122.15,0.1,2026-01-07 22:07:17.383551,North,Store
ORD-00348,Grace,Sports,Novel,4,302.46,0.23,2026-04-28 22:07:17.383553,North,Online
ORD-00349,Bob,Clothing,Phone,9,464.81,0.3,2026-01-04 22:07:17.383555,East,Online
ORD-00350,Bob,Food,Laptop,5,465.28,0.07,2025-08-21 22:07:17.383556,East,Store
ORD-00351,Grace,Home,Lamp,1,177.53,0.26,2025-09-05 22:07:17.383558,West,Online
ORD-00352,Frank,Books,Lamp,5,268.56,0.25,2025-10-22 22:07:17.383560,South,Store
ORD-00353,Charlie,Clothing,Phone,8,113.7,0.07,2025-12-25 22:07:17.383562,West,Catalog
ORD-00354,Ivy,Books,Jeans,8,497.86,0.12,2026-03-28 22:07:17.383564,East,Store
ORD-00355,Jack,Clothing,Laptop,5,490.75,0.12,2026-01-14 22:07:17.383566,West,Online
ORD-00356,Frank,Electronics,Ball,9,328.26,0.29,2026-06-12 22:07:17.383568,East,Store
ORD-00357,Jack,Food,Phone,1,404.16,0.05,2026-06-12 22:07:17.383570,West,Catalog
ORD-00358,Jack,Books,Lamp,4,360.4,0.24,2025-09-12 22:07:17.383571,South,Online
ORD-00359,Frank,Home,Lamp,3,300.65,0.1,2025-10-21 22:07:17.383573,West,Catalog
ORD-00360,Alice,Home,Lamp,2,36.14,0.22,2025-08-29 22:07:17.383575,South,Catalog
ORD-00361,David,Sports,Cereal,8,232.83,0.13,2026-07-07 22:07:17.383577,South,Store
ORD-00362,Jack,Clothing,Phone,7,340.65,0.17,2025-10-14 22:07:17.383579,East,Catalog
ORD-00363,Frank,Books,T-Shirt,9,341.99,0.25,2025-11-08 22:07:17.383581,South,Online
ORD-00364,Frank,Sports,Ball,2,192.83,0.24,2026-05-22 22:07:17.383582,North,Catalog
ORD-00365,Eve,Books,Lamp,4,471.43,0.26,2026-05-23 22:07:17.383584,North,Catalog
ORD-00366,Alice,Clothing,Novel,6,92.0,0.02,2026-04-15 22:07:17.383586,North,Store
ORD-00367,Henry,Home,Phone,3,255.18,0.21,2026-07-05 22:07:17.383588,East,Catalog
ORD-00368,Eve,Electronics,Cereal,8,348.53,0.04,2026-07-07 22:07:17.383589,North,Store
ORD-00369,Eve,Home,Phone,3,351.6,0.12,2025-09-02 22:07:17.383591,East,Store
ORD-00370,Grace,Sports,Ball,2,327.83,0.16,2025-11-20 22:07:17.383593,East,Online
ORD-00371,David,Food,Cereal,3,144.89,,2025-11-15 22:07:17.383595,North,Online
ORD-00372,Frank,Electronics,Ball,6,86.54,0.16,2026-05-04 22:07:17.383597,South,Online
ORD-00373,David,Sports,Phone,2,321.61,0.3,2026-06-15 22:07:17.383598,West,Online
ORD-00374,Charlie,Clothing,T-Shirt,8,303.66,0.04,2026-06-18 22:07:17.383600,East,Store
ORD-00375,Grace,Electronics,Ball,1,97.88,0.2,2026-01-08 22:07:17.383602,North,Catalog
ORD-00376,Henry,Sports,Cereal,7,355.52,0.12,2026-02-16 22:07:17.383604,East,Online
ORD-00377,David,Clothing,Cereal,2,233.03,0.04,2026-01-01 22:07:17.383605,South,Online
ORD-00378,Bob,Home,Ball,6,337.2,0.05,2026-01-09 22:07:17.383607,South,Online
ORD-00379,Jack,Food,Table,2,420.31,0.28,2025-12-20 22:07:17.383609,North,Catalog
ORD-00380,Charlie,Clothing,Phone,2,93.17,0.26,2025-10-12 22:07:17.383611,East,Online
ORD-00381,Alice,Books,Table,8,19.38,0.27,2026-01-09 22:07:17.383613,West,Catalog
ORD-00382,Henry,Clothing,Jeans,2,391.76,0.3,2025-09-20 22:07:17.383614,West,Store
ORD-00383,Charlie,Clothing,Phone,7,308.75,0.06,2026-02-22 22:07:17.383616,East,Store
ORD-00384,Jack,Food,Ball,3,352.82,0.11,2026-07-10 22:07:17.383618,East,Store
ORD-00385,Grace,Books,Laptop,8,420.7,0.2,2025-09-02 22:07:17.383620,East,Catalog
ORD-00386,Jack,Sports,Ball,7,403.38,0.15,2026-02-28 22:07:17.383622,North,Online
ORD-00387,Eve,Sports,Table,8,480.85,0.13,2026-05-28 22:07:17.383623,South,Online
ORD-00388,,Clothing,T-Shirt,7,272.61,0.11,2025-12-25 22:07:17.383625,West,Online
ORD-00389,Eve,Books,Ball,6,249.36,0.18,2025-10-29 22:07:17.383627,North,Online
ORD-00390,Grace,Books,Ball,7,206.92,0.17,2025-12-26 22:07:17.383629,East,Online
ORD-00391,Ivy,Food,T-Shirt,5,85.31,0.05,2026-07-07 22:07:17.383630,East,Catalog
ORD-00392,Eve,Home,Ball,7,290.58,,2025-10-11 22:07:17.383632,South,Store
ORD-00393,Alice,Sports,Lamp,1,145.74,0.17,2025-08-14 22:07:17.383634,East,Online
ORD-00394,Jack,Food,Laptop,1,461.44,0.17,2026-01-02 22:07:17.383636,North,Store
ORD-00395,Jack,Electronics,Novel,9,295.76,0.06,2026-04-16 22:07:17.383638,North,Catalog
ORD-00396,Alice,Sports,Laptop,5,300.49,0.22,2025-10-18 22:07:17.383639,South,Catalog
ORD-00397,Bob,Food,Ball,5,183.91,0.01,2025-12-27 22:07:17.383641,North,Online
ORD-00398,Frank,Sports,Lamp,3,35.47,0.11,2026-03-17 22:07:17.383643,West,Catalog
ORD-00399,Ivy,Home,Phone,5,25.55,0.23,2025-08-23 22:07:17.383645,North,Store
ORD-00400,Henry,Electronics,Ball,3,217.43,0.17,2025-10-09 22:07:17.383646,North,Online
ORD-00401,Eve,Home,Table,9,51.44,0.08,2025-11-14 22:07:17.383648,North,Online
ORD-00402,Alice,Electronics,Lamp,9,307.36,0.21,2025-11-01 22:07:17.383650,West,Store
ORD-00403,Grace,Clothing,T-Shirt,6,441.68,0.17,2025-10-26 22:07:17.383652,East,Online
ORD-00404,Eve,Food,Lamp,1,442.63,,2026-01-17 22:07:17.383654,North,Online
ORD-00405,,Electronics,T-Shirt,7,332.93,0.22,2025-12-22 22:07:17.383656,South,Store
ORD-00406,Grace,Home,Jeans,7,113.5,0.18,2025-10-14 22:07:17.383658,West,Online
ORD-00407,Charlie,Sports,Novel,4,432.87,0.15,2025-12-25 22:07:17.383660,South,Online
ORD-00408,,Electronics,Cookbook,8,444.19,0.04,2025-07-24 22:07:17.383662,North,Store
ORD-00409,Charlie,Food,Lamp,6,106.36,0.08,2026-05-09 22:07:17.383663,South,Catalog
ORD-00410,Eve,Electronics,Cereal,4,371.34,0.13,2026-02-26 22:07:17.383665,North,Store
ORD-00411,Frank,Books,Table,4,150.39,0.18,2025-09-06 22:07:17.383667,West,Online
ORD-00412,Ivy,Sports,Ball,2,403.29,0.15,2025-12-23 22:07:17.383669,South,Store
ORD-00413,Eve,Food,Table,2,498.65,0.09,2026-04-06 22:07:17.383671,South,Online
ORD-00414,Alice,Food,Laptop,4,24.71,0.0,2026-03-17 22:07:17.383673,North,Online
ORD-00415,David,Clothing,Cookbook,5,449.71,0.15,2026-07-14 22:07:17.383674,North,Store
ORD-00416,Eve,Home,Laptop,8,315.09,0.09,2026-06-07 22:07:17.383676,East,Online
ORD-00417,Jack,Clothing,Jeans,6,486.96,0.22,2025-09-12 22:07:17.383678,North,Catalog
ORD-00418,Jack,Food,Cookbook,4,237.85,0.01,2026-04-19 22:07:17.383680,North,Online
ORD-00419,Eve,Sports,Cookbook,7,425.22,0.18,2026-04-12 22:07:17.383682,East,Store
ORD-00420,Grace,Electronics,Laptop,8,40.57,0.28,2025-08-16 22:07:17.383683,North,Catalog
ORD-00421,David,Electronics,T-Shirt,2,174.29,0.05,2026-02-28 22:07:17.383685,North,Catalog
ORD-00422,Alice,Sports,Laptop,7,42.84,0.14,2026-06-27 22:07:17.383687,East,Online
ORD-00423,Eve,Food,Table,2,487.92,0.03,2025-12-16 22:07:17.383689,West,Store
ORD-00424,Grace,Electronics,T-Shirt,2,410.32,0.19,2026-07-06 22:07:17.383690,West,Online
ORD-00425,Jack,Electronics,Table,8,427.75,0.17,2026-02-07 22:07:17.383692,North,Online
ORD-00426,Jack,Electronics,Jeans,2,469.6,0.12,2026-05-03 22:07:17.383694,North,Store
ORD-00427,Frank,Home,Ball,9,51.7,0.16,2026-05-13 22:07:17.383696,East,Store
ORD-00428,Eve,Home,Phone,1,198.94,0.27,2025-09-17 22:07:17.383698,East,Online
ORD-00429,David,Books,T-Shirt,9,44.81,0.06,2025-11-12 22:07:17.383699,West,Catalog
ORD-00430,Bob,Clothing,Jeans,1,113.29,0.01,2026-02-12 22:07:17.383701,South,Online
ORD-00431,David,Sports,Cereal,2,122.39,0.26,2025-08-31 22:07:17.383703,North,Catalog
ORD-00432,Jack,Sports,Jeans,6,239.86,0.17,2026-06-16 22:07:17.383705,South,Online
ORD-00433,Jack,Sports,Laptop,6,141.6,0.27,2026-01-04 22:07:17.383706,South,Store
ORD-00434,Charlie,Books,Laptop,1,59.48,0.18,2026-01-05 22:07:17.383708,East,Catalog
ORD-00435,Jack,Home,Phone,7,92.07,0.24,2025-11-11 22:07:17.383710,North,Store
ORD-00436,Alice,Food,Jeans,8,82.17,0.13,2026-01-26 22:07:17.383712,North,Store
ORD-00437,Henry,Food,Novel,2,486.81,0.22,2026-06-19 22:07:17.383714,East,Store
ORD-00438,Eve,Books,Ball,8,382.05,0.27,2026-05-03 22:07:17.383715,South,Store
ORD-00439,David,Food,Laptop,9,484.2,0.17,2025-12-16 22:07:17.383717,East,Store
ORD-00440,Henry,Sports,Phone,6,225.47,0.05,2026-02-16 22:07:17.383719,West,Online
ORD-00441,Grace,Clothing,Ball,5,146.4,0.08,2026-07-20 22:07:17.383721,North,Catalog
ORD-00442,Bob,Electronics,Jeans,9,401.16,0.06,2026-02-07 22:07:17.383722,West,Online
ORD-00443,Alice,Home,Jeans,9,169.86,0.07,2026-01-01 22:07:17.383724,East,Online
ORD-00444,David,Home,Cookbook,1,156.7,0.09,2026-01-11 22:07:17.383726,North,Online
ORD-00445,Henry,Books,Phone,3,123.93,,2025-12-01 22:07:17.383728,West,Store
ORD-00446,Bob,Home,Laptop,9,73.54,0.18,2025-12-30 22:07:17.383729,West,Online
ORD-00447,Charlie,Sports,Novel,2,135.67,0.13,2026-02-24 22:07:17.383731,South,Catalog
ORD-00448,Alice,Food,Jeans,4,184.11,0.18,2026-02-15 22:07:17.383733,North,Online
ORD-00449,Alice,Sports,Novel,4,340.26,0.02,2025-10-18 22:07:17.383735,West,Store
ORD-00450,Charlie,Books,Jeans,2,40.66,0.03,2025-09-23 22:07:17.383737,West,Catalog
ORD-00451,Eve,Sports,Laptop,3,113.15,0.05,2026-02-08 22:07:17.383738,South,Catalog
ORD-00452,Charlie,Food,Ball,3,406.42,0.16,2025-09-16 22:07:17.383740,West,Catalog
ORD-00453,Alice,Clothing,Lamp,1,81.99,0.06,2026-05-17 22:07:17.383742,West,Catalog
ORD-00454,Alice,Books,Ball,6,177.9,0.08,2026-04-27 22:07:17.383744,West,Online
ORD-00455,Henry,Clothing,Jeans,8,433.68,0.12,2025-12-19 22:07:17.383746,South,Store
ORD-00456,Jack,Electronics,Table,3,85.91,0.24,2026-07-23 22:07:17.383749,West,Catalog
ORD-00457,Bob,Clothing,Lamp,5,50.54,0.0,2026-03-11 22:07:17.383751,West,Catalog
ORD-00458,Charlie,Electronics,Lamp,1,247.42,0.19,2026-01-20 22:07:17.383753,North,Store
ORD-00459,,Electronics,Novel,7,158.19,0.2,2025-08-07 22:07:17.383755,North,Online
ORD-00460,Charlie,Clothing,Phone,1,286.07,0.24,2026-03-06 22:07:17.383757,South,Catalog
ORD-00461,Grace,Books,Novel,9,403.86,0.28,2026-04-09 22:07:17.383759,East,Online
ORD-00462,Alice,Food,Novel,8,77.2,0.01,2026-03-13 22:07:17.383760,North,Online
ORD-00463,Jack,Sports,Table,7,294.54,0.05,2026-04-07 22:07:17.383762,South,Online
ORD-00464,Henry,Sports,Ball,7,257.7,0.27,2026-01-27 22:07:17.383764,West,Online
ORD-00465,,Food,Ball,5,80.6,0.14,2025-09-29 22:07:17.383766,West,Catalog
ORD-00466,Jack,Electronics,Cereal,5,315.76,0.17,2025-07-31 22:07:17.383768,South,Catalog
ORD-00467,Jack,Electronics,Jeans,5,144.08,0.2,2025-07-30 22:07:17.383769,West,Online
ORD-00468,Bob,Books,Table,1,249.04,0.2,2026-02-28 22:07:17.383771,West,Online
ORD-00469,Charlie,Home,Cereal,8,50.31,0.28,2026-05-11 22:07:17.383773,East,Store
ORD-00470,Ivy,Clothing,Laptop,1,235.2,0.3,2026-04-07 22:07:17.383775,West,Store
ORD-00471,Grace,Electronics,Jeans,4,160.17,0.22,2026-03-24 22:07:17.383777,North,Store
ORD-00472,David,Sports,Jeans,9,412.97,0.09,2026-07-07 22:07:17.383779,West,Catalog
ORD-00473,Jack,Books,Cookbook,9,37.92,0.26,2026-01-09 22:07:17.383780,South,Store
ORD-00474,Eve,Clothing,Cookbook,5,215.12,0.01,2025-08-31 22:07:17.383782,East,Catalog
ORD-00475,Bob,Books,T-Shirt,4,234.63,0.07,2025-09-09 22:07:17.383784,West,Catalog
ORD-00476,Henry,Clothing,T-Shirt,3,365.25,0.27,2025-09-30 22:07:17.383786,South,Catalog
ORD-00477,David,Clothing,Novel,3,291.4,0.08,2025-11-14 22:07:17.383788,North,Catalog
ORD-00478,Ivy,Food,Laptop,5,336.93,0.07,2026-03-27 22:07:17.383790,West,Store
ORD-00479,Eve,Electronics,Lamp,1,390.75,0.04,2026-02-12 22:07:17.383791,East,Online
ORD-00480,Ivy,Books,Lamp,5,432.48,0.26,2026-01-07 22:07:17.383793,West,Online
ORD-00481,David,Books,Cookbook,6,163.8,0.15,2026-06-09 22:07:17.383795,South,Online
ORD-00482,Jack,Food,Cookbook,7,273.63,0.2,2025-09-13 22:07:17.383797,East,Store
ORD-00483,Eve,Sports,Cookbook,9,421.65,0.07,2026-01-26 22:07:17.383799,West,Online
ORD-00484,Ivy,Sports,Table,3,494.83,0.23,2026-06-10 22:07:17.383801,North,Store
ORD-00485,Henry,Electronics,Phone,2,445.86,0.23,2025-10-26 22:07:17.383802,East,Store
ORD-00486,Charlie,Electronics,T-Shirt,3,192.02,0.09,2026-05-07 22:07:17.383804,North,Store
ORD-00487,Alice,Home,Table,9,105.63,0.12,2025-09-01 22:07:17.383806,South,Online
ORD-00488,Charlie,Food,Ball,7,249.8,0.06,2026-01-27 22:07:17.383808,West,Online
ORD-00489,David,Sports,Lamp,9,373.4,0.29,2025-08-01 22:07:17.383810,North,Online
ORD-00490,Bob,Clothing,Jeans,2,251.36,0.19,2026-07-21 22:07:17.383812,South,Catalog
ORD-00491,Alice,Books,T-Shirt,5,246.76,0.28,2025-12-22 22:07:17.383814,West,Store
ORD-00492,Grace,Electronics,Cereal,4,420.73,0.09,2025-08-16 22:07:17.383815,South,Catalog
ORD-00493,Henry,Books,Ball,2,187.09,0.23,2026-05-11 22:07:17.383817,North,Store
ORD-00494,Grace,Books,T-Shirt,9,431.3,0.23,2026-06-03 22:07:17.383819,South,Online
ORD-00495,,Home,Table,9,209.33,0.21,2026-05-18 22:07:17.383821,East,Store
ORD-00496,Alice,Sports,Laptop,6,170.83,0.29,2025-08-26 22:07:17.383822,West,Store
ORD-00497,Grace,Electronics,Jeans,6,232.46,0.12,2026-04-22 22:07:17.383824,South,Catalog
ORD-00498,Grace,Books,T-Shirt,8,383.6,0.04,2026-01-29 22:07:17.383826,North,Store
ORD-00499,Ivy,Electronics,Phone,6,71.74,0.2,2026-03-01 22:07:17.383828,West,Online
ORD-00500,Charlie,Clothing,Cookbook,1,106.25,0.22,2026-07-17 22:07:17.383829,East,Store
ORD-00501,Ivy,Home,Cookbook,4,476.21,0.17,2025-10-28 22:07:17.383831,West,Store
ORD-00502,Alice,Clothing,Jeans,7,95.99,0.06,2025-09-05 22:07:17.383833,East,Store
ORD-00503,Alice,Electronics,Table,2,288.19,0.15,2026-07-20 22:07:17.383835,West,Catalog
ORD-00504,David,Electronics,Cookbook,9,293.86,0.09,2026-03-08 22:07:17.383837,South,Store
ORD-00505,Ivy,Sports,T-Shirt,8,249.92,0.13,2025-12-05 22:07:17.383839,South,Store
ORD-00506,Frank,Books,Cereal,8,325.93,0.19,2026-04-27 22:07:17.383840,North,Catalog
ORD-00507,Charlie,Books,Lamp,7,122.62,,2026-07-07 22:07:17.383842,East,Catalog
ORD-00508,Alice,Clothing,Lamp,4,280.8,0.07,2026-06-02 22:07:17.383844,North,Catalog
ORD-00509,David,Home,Ball,2,192.36,0.12,2026-03-12 22:07:17.383846,South,Catalog
ORD-00510,Ivy,Food,Novel,3,334.22,0.08,2025-12-25 22:07:17.383847,East,Online
ORD-00511,Charlie,Books,Laptop,6,79.2,0.06,2025-09-02 22:07:17.383849,North,Online
ORD-00512,Ivy,Sports,Jeans,5,289.73,0.24,2025-12-17 22:07:17.383851,North,Store
ORD-00513,Grace,Clothing,Ball,8,100.78,0.27,2025-12-31 22:07:17.383853,North,Online
ORD-00514,David,Clothing,Novel,6,146.54,0.11,2025-12-25 22:07:17.383855,North,Store
ORD-00515,Charlie,Food,Table,6,117.17,0.23,2025-10-20 22:07:17.383857,North,Online
ORD-00516,Jack,Sports,Phone,1,99.59,0.27,2026-06-30 22:07:17.383858,East,Catalog
ORD-00517,Eve,Home,Phone,4,414.6,0.25,2026-07-20 22:07:17.383860,North,Catalog
ORD-00518,Eve,Sports,Laptop,5,150.0,0.05,2026-02-22 22:07:17.383862,East,Online
ORD-00519,Charlie,Home,Cookbook,3,464.29,0.29,2025-11-07 22:07:17.383864,North,Online
ORD-00520,Ivy,Sports,T-Shirt,9,485.26,0.11,2025-09-03 22:07:17.383866,South,Store
ORD-00521,David,Sports,Ball,1,289.92,0.1,2025-08-01 22:07:17.383868,South,Store
ORD-00522,Eve,Electronics,Ball,6,80.07,0.02,2026-02-06 22:07:17.383870,North,Store
ORD-00523,David,Clothing,Jeans,6,193.53,0.15,2026-01-29 22:07:17.383871,West,Catalog
ORD-00524,Eve,Sports,Jeans,5,400.89,0.03,2025-09-17 22:07:17.383873,South,Catalog
ORD-00525,Grace,Food,Phone,5,190.02,0.07,2025-10-06 22:07:17.383875,East,Catalog
ORD-00526,Ivy,Sports,Phone,5,52.64,0.1,2026-05-29 22:07:17.383877,North,Catalog
ORD-00527,Grace,Books,Cereal,6,282.82,0.24,2026-04-07 22:07:17.383879,East,Store
ORD-00528,Eve,Clothing,Cereal,8,424.11,0.26,2025-10-01 22:07:17.383881,West,Catalog
ORD-00529,Jack,Books,Cookbook,2,400.0,,2025-09-03 22:07:17.383882,North,Catalog
ORD-00530,Jack,Clothing,Cereal,6,95.81,0.26,2025-09-25 22:07:17.383884,South,Catalog
ORD-00531,Grace,Books,T-Shirt,1,339.65,0.26,2025-08-24 22:07:17.383886,East,Catalog
ORD-00532,Jack,Sports,T-Shirt,4,118.05,0.23,2026-03-05 22:07:17.383888,South,Online
ORD-00533,Eve,Sports,Ball,3,116.92,0.04,2026-02-19 22:07:17.383890,South,Store
ORD-00534,Charlie,Electronics,Lamp,9,438.3,0.21,2025-11-04 22:07:17.383892,North,Store
ORD-00535,Grace,Food,T-Shirt,3,132.34,0.28,2025-10-24 22:07:17.383894,East,Catalog
ORD-00536,Bob,Books,Novel,6,138.99,0.2,2025-12-04 22:07:17.383895,West,Online
ORD-00537,Ivy,Home,Phone,1,10.32,0.1,2025-11-25 22:07:17.383897,South,Store
ORD-00538,Jack,Electronics,Jeans,6,436.63,0.15,2025-08-03 22:07:17.383899,North,Store
ORD-00539,Jack,Books,Cereal,4,398.37,0.19,2025-08-21 22:07:17.383901,North,Catalog
ORD-00540,Alice,Books,Ball,8,317.39,0.15,2025-11-08 22:07:17.383903,West,Catalog
ORD-00541,Frank,Electronics,Laptop,9,377.63,0.04,2025-11-17 22:07:17.383905,North,Store
ORD-00542,Grace,Sports,Jeans,4,84.5,0.09,2026-05-08 22:07:17.383906,South,Store
ORD-00543,Henry,Books,Novel,6,234.58,0.24,2026-01-25 22:07:17.383908,North,Online
ORD-00544,Jack,Sports,Cereal,1,182.1,0.26,2026-05-19 22:07:17.383910,East,Store
ORD-00545,Ivy,Electronics,Novel,4,55.95,,2025-09-19 22:07:17.383912,East,Store
ORD-00546,Bob,Sports,Phone,7,248.2,0.29,2025-08-10 22:07:17.383914,South,Catalog
ORD-00547,Jack,Clothing,Phone,1,461.16,0.1,2026-02-03 22:07:17.383916,East,Store
ORD-00548,Bob,Home,Cookbook,8,29.63,0.2,2026-07-02 22:07:17.383917,West,Catalog
ORD-00549,Eve,Books,Ball,6,152.82,0.23,2026-04-08 22:07:17.383919,North,Store
ORD-00550,Eve,Food,Jeans,5,111.7,0.24,2025-09-04 22:07:17.383921,South,Store
ORD-00551,Frank,Home,Table,9,126.69,0.28,2025-12-09 22:07:17.383923,West,Store
ORD-00552,Charlie,Sports,Table,2,455.13,0.09,2025-12-20 22:07:17.383925,North,Online
ORD-00553,Henry,Books,Jeans,5,239.35,0.26,2026-05-16 22:07:17.383926,West,Catalog
ORD-00554,Alice,Sports,Laptop,6,238.49,0.04,2026-05-01 22:07:17.383928,South,Online
ORD-00555,Frank,Clothing,Ball,7,382.68,0.21,2026-04-12 22:07:17.383930,South,Store
ORD-00556,David,Electronics,Novel,5,85.7,0.22,2026-06-15 22:07:17.383932,West,Online
ORD-00557,Alice,Books,Laptop,9,248.76,,2026-07-11 22:07:17.383933,North,Catalog
ORD-00558,Grace,Clothing,Lamp,1,220.69,0.08,2025-09-30 22:07:17.383935,East,Store
ORD-00559,Ivy,Clothing,Jeans,7,302.49,0.26,2025-09-14 22:07:17.383937,East,Online
ORD-00560,David,Books,Novel,7,499.78,0.05,2026-01-24 22:07:17.383939,West,Online
ORD-00561,David,Sports,Table,4,387.03,0.02,2025-10-29 22:07:17.383940,South,Catalog
ORD-00562,Frank,Food,T-Shirt,9,204.95,0.22,2026-07-11 22:07:17.383942,North,Online
ORD-00563,Charlie,Clothing,Cookbook,5,415.5,0.14,2026-03-26 22:07:17.383944,North,Catalog
ORD-00564,Frank,Home,Table,4,93.65,0.25,2025-08-05 22:07:17.383946,South,Store
ORD-00565,Grace,Clothing,Ball,7,24.93,0.12,2026-05-28 22:07:17.383948,East,Store
ORD-00566,Jack,Food,Phone,4,110.18,0.05,2026-06-14 22:07:17.383950,North,Online
ORD-00567,Jack,Sports,T-Shirt,3,176.8,0.25,2025-08-22 22:07:17.383951,West,Store
ORD-00568,Charlie,Sports,Cookbook,9,260.18,0.16,2026-03-18 22:07:17.383953,East,Store
ORD-00569,Grace,Home,Cookbook,8,311.41,0.06,2026-02-01 22:07:17.383955,West,Online
ORD-00570,Charlie,Clothing,Lamp,1,456.2,0.22,2026-06-19 22:07:17.383957,East,Store
ORD-00571,Bob,Sports,Lamp,7,259.83,0.15,2025-11-07 22:07:17.383958,South,Online
ORD-00572,Jack,Food,Cereal,9,255.63,0.18,2026-07-19 22:07:17.383960,West,Catalog
ORD-00573,,Books,Table,8,34.62,0.14,2025-12-18 22:07:17.383962,West,Catalog
ORD-00574,Henry,Electronics,Table,8,27.11,0.25,2026-07-13 22:07:17.383964,South,Catalog
ORD-00575,Ivy,Electronics,Table,6,280.07,0.25,2025-08-31 22:07:17.383965,West,Online
ORD-00576,,Electronics,Cereal,4,224.71,0.21,2026-03-29 22:07:17.383967,East,Online
ORD-00577,Alice,Clothing,Laptop,8,421.2,0.03,2026-01-21 22:07:17.383969,North,Store
ORD-00578,Charlie,Home,Cookbook,3,88.73,0.25,2025-07-27 22:07:17.383971,North,Store
ORD-00579,Ivy,Sports,T-Shirt,9,22.24,0.2,2026-03-30 22:07:17.383973,South,Store
ORD-00580,Alice,Books,Ball,2,230.03,0.21,2026-02-12 22:07:17.383975,East,Store
ORD-00581,Ivy,Food,Cookbook,2,126.36,0.11,2026-05-18 22:07:17.383976,West,Store
ORD-00582,Henry,Books,Lamp,7,34.31,0.26,2026-01-05 22:07:17.383978,West,Online
ORD-00583,Alice,Food,Novel,4,365.05,0.22,2026-06-23 22:07:17.383980,North,Online
ORD-00584,Frank,Clothing,Phone,8,64.68,0.03,2026-05-10 22:07:17.383982,West,Catalog
ORD-00585,Eve,Electronics,Cereal,9,308.08,0.12,2025-11-29 22:07:17.383983,North,Catalog
ORD-00586,Frank,Clothing,Jeans,7,147.71,0.27,2025-08-31 22:07:17.383985,South,Catalog
ORD-00587,Jack,Home,Novel,5,95.01,0.01,2026-05-19 22:07:17.383987,West,Catalog
ORD-00588,Eve,Home,Ball,8,196.08,0.29,2026-05-15 22:07:17.383989,East,Online
ORD-00589,Frank,Food,Table,4,402.71,0.2,2025-09-30 22:07:17.383990,West,Online
ORD-00590,Eve,Sports,Lamp,2,202.13,0.19,2026-07-04 22:07:17.383992,North,Online
ORD-00591,Eve,Sports,Lamp,6,377.88,0.08,2025-12-10 22:07:17.383994,South,Store
ORD-00592,David,Food,Lamp,9,71.49,0.07,2026-01-06 22:07:17.383996,North,Store
ORD-00593,Charlie,Home,Table,1,388.66,0.28,2026-06-15 22:07:17.383998,West,Catalog
ORD-00594,,Home,Jeans,7,126.1,0.09,2026-03-01 22:07:17.384000,North,Store
ORD-00595,David,Home,Cereal,9,341.92,0.23,2026-06-09 22:07:17.384001,North,Online
ORD-00596,Ivy,Clothing,Novel,9,287.23,,2025-09-01 22:07:17.384003,South,Catalog
ORD-00597,Bob,Home,Table,3,465.28,0.04,2026-04-24 22:07:17.384005,East,Catalog
ORD-00598,Ivy,Books,Ball,5,199.79,0.0,2025-11-28 22:07:17.384007,West,Store
ORD-00599,Alice,Electronics,Cereal,8,42.42,0.16,2026-05-15 22:07:17.384009,South,Catalog
ORD-00600,Alice,Home,Ball,8,19.39,0.29,2026-02-08 22:07:17.384011,East,Store
ORD-00601,Eve,Food,Cereal,4,415.16,0.11,2026-03-16 22:07:17.384012,North,Store
ORD-00602,Frank,Electronics,Jeans,1,267.12,0.11,2025-12-22 22:07:17.384014,East,Catalog
ORD-00603,Frank,Clothing,Phone,1,389.87,0.1,2025-08-18 22:07:17.384016,North,Store
ORD-00604,Charlie,Food,Ball,4,124.87,0.16,2026-04-26 22:07:17.384018,North,Store
ORD-00605,Grace,Electronics,Table,6,179.09,0.13,2025-08-23 22:07:17.384020,South,Store
ORD-00606,Ivy,Food,Cereal,8,24.75,0.26,2025-11-14 22:07:17.384022,North,Store
ORD-00607,Jack,Clothing,Lamp,6,481.13,0.15,2025-08-09 22:07:17.384023,South,Catalog
ORD-00608,Henry,Books,Cookbook,9,337.26,0.15,2026-05-13 22:07:17.384025,East,Online
ORD-00609,Frank,Clothing,Lamp,9,467.27,0.04,2026-02-09 22:07:17.384027,East,Online
ORD-00610,Henry,Clothing,Laptop,2,140.09,0.29,2026-06-05 22:07:17.384029,North,Store
ORD-00611,Eve,Food,Phone,1,309.62,0.07,2026-06-02 22:07:17.384030,South,Store
ORD-00612,Henry,Sports,Phone,2,342.46,0.02,2025-10-08 22:07:17.384032,North,Store
ORD-00613,Jack,Home,Lamp,5,165.6,0.2,2025-10-19 22:07:17.384034,South,Online
ORD-00614,David,Home,Novel,4,425.57,0.18,2026-04-01 22:07:17.384036,South,Store
ORD-00615,Jack,Books,Jeans,4,474.11,0.12,2025-11-27 22:07:17.384038,South,Catalog
ORD-00616,Henry,Books,Ball,9,443.58,0.13,2026-03-13 22:07:17.384039,East,Catalog
ORD-00617,Jack,Home,Table,8,372.14,0.24,2025-10-23 22:07:17.384041,South,Catalog
ORD-00618,Bob,Sports,Phone,6,145.96,0.06,2026-02-08 22:07:17.384043,East,Online
ORD-00619,Eve,Home,Lamp,1,147.99,0.25,2025-10-04 22:07:17.384045,South,Store
ORD-00620,Ivy,Sports,Lamp,2,482.05,0.19,2025-11-23 22:07:17.384047,East,Store
ORD-00621,David,Books,Jeans,6,15.04,0.13,2025-09-07 22:07:17.384049,West,Store
ORD-00622,Frank,Electronics,Jeans,2,360.86,0.14,2026-03-08 22:07:17.384050,East,Online
ORD-00623,Alice,Food,T-Shirt,5,356.06,0.08,2026-05-06 22:07:17.384052,East,Online
ORD-00624,Ivy,Books,T-Shirt,5,315.12,0.23,2026-02-04 22:07:17.384054,North,Online
ORD-00625,Alice,Books,Novel,6,495.15,0.15,2026-03-23 22:07:17.384056,South,Online
ORD-00626,Eve,Clothing,Novel,6,162.82,0.1,2026-01-29 22:07:17.384057,West,Catalog
ORD-00627,David,Clothing,Laptop,6,176.59,0.18,2025-09-27 22:07:17.384059,North,Online
ORD-00628,Charlie,Clothing,Novel,2,48.68,0.3,2026-05-03 22:07:17.384061,South,Online
ORD-00629,Frank,Food,Cereal,3,226.97,0.13,2026-04-28 22:07:17.384063,West,Online
ORD-00630,Bob,Clothing,Jeans,6,137.91,0.28,2025-12-11 22:07:17.384064,West,Store
ORD-00631,Charlie,Sports,Table,8,178.26,0.1,2026-07-08 22:07:17.384066,West,Store
ORD-00632,Eve,Home,Cereal,1,418.94,0.02,2025-09-17 22:07:17.384068,South,Store
ORD-00633,Ivy,Electronics,Ball,1,468.39,0.06,2025-07-31 22:07:17.384070,West,Catalog
ORD-00634,Bob,Books,Lamp,2,101.01,0.13,2026-02-11 22:07:17.384072,West,Catalog
ORD-00635,Jack,Sports,Novel,6,192.53,0.07,2026-04-17 22:07:17.384074,North,Online
ORD-00636,,Electronics,Lamp,9,465.03,0.0,2026-02-18 22:07:17.384075,East,Store
ORD-00637,Bob,Sports,Phone,4,40.29,0.27,2026-07-22 22:07:17.384077,South,Catalog
ORD-00638,Eve,Sports,Laptop,3,55.26,0.25,2025-08-08 22:07:17.384079,East,Store
ORD-00639,Grace,Books,Phone,8,89.77,0.22,2026-02-05 22:07:17.384081,North,Catalog
ORD-00640,Henry,Home,Laptop,9,301.65,0.05,2025-09-12 22:07:17.384083,East,Catalog
ORD-00641,Alice,Clothing,T-Shirt,5,83.73,0.04,2025-09-02 22:07:17.384085,West,Online
ORD-00642,Frank,Food,Lamp,9,484.36,0.02,2026-04-23 22:07:17.384087,West,Online
ORD-00643,Alice,Home,Laptop,2,228.89,0.22,2026-01-24 22:07:17.384088,South,Catalog
ORD-00644,Bob,Food,Cookbook,3,255.74,0.28,2025-12-05 22:07:17.384090,South,Online
ORD-00645,Alice,Books,Cereal,7,130.86,0.13,2025-09-26 22:07:17.384092,South,Catalog
ORD-00646,Eve,Books,Laptop,7,240.77,0.04,2026-02-26 22:07:17.384094,North,Catalog
ORD-00647,Jack,Books,Laptop,6,334.34,0.15,2025-10-17 22:07:17.384096,South,Store
ORD-00648,Ivy,Electronics,Cereal,6,378.08,0.1,2026-01-16 22:07:17.384098,North,Online
ORD-00649,Frank,Food,Lamp,2,379.4,0.11,2025-08-11 22:07:17.384099,West,Online
ORD-00650,Alice,Home,Lamp,6,293.17,0.19,2025-08-08 22:07:17.384101,East,Online
ORD-00651,Alice,Home,Cereal,4,453.14,,2025-09-13 22:07:17.384103,West,Store
ORD-00652,Bob,Sports,Phone,3,410.53,0.03,2026-03-18 22:07:17.384105,West,Store
ORD-00653,Ivy,Sports,Cookbook,2,380.95,0.01,2026-07-17 22:07:17.384107,West,Store
ORD-00654,Charlie,Sports,Table,1,37.25,0.3,2026-06-07 22:07:17.384109,South,Online
ORD-00655,Alice,Books,Ball,5,13.37,0.07,2026-06-01 22:07:17.384111,South,Online
ORD-00656,Eve,Home,Cookbook,2,114.1,0.02,2026-01-18 22:07:17.384112,South,Online
ORD-00657,Grace,Food,Lamp,2,335.13,0.06,2026-06-16 22:07:17.384114,East,Store
ORD-00658,Frank,Books,Table,7,211.49,0.01,2025-12-10 22:07:17.384116,South,Store
ORD-00659,Alice,Electronics,T-Shirt,8,207.18,0.12,2026-06-01 22:07:17.384118,North,Catalog
ORD-00660,Eve,Sports,Novel,8,443.45,,2025-12-12 22:07:17.384119,West,Store
ORD-00661,Eve,Books,Laptop,4,448.83,0.1,2026-02-20 22:07:17.384121,East,Catalog
ORD-00662,Frank,Books,Cereal,1,455.5,0.13,2026-06-06 22:07:17.384123,East,Online
ORD-00663,Charlie,Electronics,Cereal,7,163.8,0.2,2025-08-07 22:07:17.384125,East,Store
ORD-00664,Eve,Clothing,Laptop,1,348.62,0.15,2026-02-27 22:07:17.384127,East,Online
ORD-00665,,Home,Novel,4,143.1,0.26,2026-05-21 22:07:17.384128,East,Online
ORD-00666,Eve,Food,Ball,8,103.4,0.26,2025-08-09 22:07:17.384130,North,Online
ORD-00667,Eve,Clothing,Novel,2,100.47,0.0,2026-01-23 22:07:17.384132,West,Online
ORD-00668,Eve,Sports,Table,6,177.63,0.23,2026-03-21 22:07:17.384134,East,Store
ORD-00669,,Books,Novel,6,220.68,0.14,2026-01-26 22:07:17.384136,West,Online
ORD-00670,Jack,Electronics,Table,9,417.17,0.3,2026-06-15 22:07:17.384138,South,Catalog
ORD-00671,Charlie,Electronics,Novel,5,68.75,0.14,2025-11-06 22:07:17.384139,East,Store
ORD-00672,Alice,Home,Ball,4,370.11,0.3,2026-07-21 22:07:17.384141,East,Online
ORD-00673,Eve,Clothing,Ball,5,270.41,0.23,2026-05-21 22:07:17.384143,West,Store
ORD-00674,Ivy,Home,Lamp,5,151.09,0.07,2026-06-25 22:07:17.384145,East,Catalog
ORD-00675,Alice,Books,Laptop,8,251.48,0.16,2026-07-13 22:07:17.384147,East,Online
ORD-00676,Charlie,Home,Ball,8,156.97,0.3,2026-04-18 22:07:17.384149,East,Catalog
ORD-00677,David,Food,Table,2,302.08,0.26,2025-07-31 22:07:17.384150,North,Online
ORD-00678,Alice,Electronics,Ball,7,222.58,0.03,2026-01-02 22:07:17.384152,North,Catalog
ORD-00679,Alice,Electronics,Lamp,8,90.56,0.21,2026-07-03 22:07:17.384154,East,Online
ORD-00680,Henry,Sports,Cereal,6,67.13,0.1,2026-06-15 22:07:17.384156,North,Store
ORD-00681,Bob,Sports,Table,5,277.88,0.0,2025-12-13 22:07:17.384158,South,Online
ORD-00682,Henry,Books,Lamp,9,452.18,0.12,2026-04-13 22:07:17.384159,East,Store
ORD-00683,Grace,Food,Phone,3,178.54,,2026-06-08 22:07:17.384161,South,Online
ORD-00684,Jack,Clothing,Phone,4,369.17,0.25,2026-05-19 22:07:17.384163,West,Online
ORD-00685,Jack,Home,T-Shirt,9,332.74,0.1,2026-04-24 22:07:17.384165,South,Catalog
ORD-00686,Bob,Books,Novel,6,466.46,0.25,2026-02-10 22:07:17.384166,West,Catalog
ORD-00687,Frank,Sports,Laptop,8,412.28,0.0,2026-04-04 22:07:17.384168,East,Catalog
ORD-00688,Frank,Home,Jeans,7,287.64,0.09,2025-08-20 22:07:17.384170,West,Online
ORD-00689,Charlie,Sports,Cookbook,2,331.94,0.07,2026-03-23 22:07:17.384172,West,Online
ORD-00690,Bob,Home,Lamp,3,450.21,0.07,2026-01-12 22:07:17.384173,South,Online
ORD-00691,Alice,Clothing,Cereal,1,205.76,0.02,2026-04-16 22:07:17.384175,South,Store
ORD-00692,Frank,Books,Cookbook,9,170.13,0.06,2025-10-06 22:07:17.384177,South,Store
ORD-00693,Eve,Home,Cereal,7,15.3,0.17,2026-02-15 22:07:17.384179,East,Online
ORD-00694,Ivy,Food,Cookbook,1,415.01,0.09,2026-04-12 22:07:17.384181,East,Catalog
ORD-00695,Alice,Electronics,Lamp,3,402.48,0.13,2025-10-16 22:07:17.384182,South,Catalog
ORD-00696,Grace,Food,Jeans,4,61.18,0.11,2026-06-11 22:07:17.384184,East,Catalog
ORD-00697,Eve,Food,Cookbook,4,292.66,0.26,2026-05-01 22:07:17.384186,East,Online
ORD-00698,Eve,Electronics,Lamp,5,237.35,0.27,2026-01-14 22:07:17.384188,West,Catalog
ORD-00699,Bob,Food,Ball,3,68.17,0.15,2026-06-03 22:07:17.384189,West,Online
ORD-00700,,Home,Jeans,3,490.48,0.1,2025-12-26 22:07:17.384191,South,Store
ORD-00701,Grace,Home,Table,1,115.2,0.03,2026-03-20 22:07:17.384193,East,Catalog
ORD-00702,Frank,Home,Cereal,7,42.94,0.29,2026-05-16 22:07:17.384195,West,Store
ORD-00703,Bob,Electronics,Phone,1,301.48,0.02,2025-11-01 22:07:17.384196,North,Catalog
ORD-00704,Frank,Food,Novel,2,372.04,0.09,2025-11-08 22:07:17.384198,East,Online
ORD-00705,Bob,Electronics,Phone,4,25.9,0.09,2026-01-17 22:07:17.384200,North,Online
ORD-00706,Bob,Home,Jeans,4,332.77,0.1,2025-12-06 22:07:17.384202,South,Online
ORD-00707,Bob,Food,Table,5,270.82,0.05,2026-01-16 22:07:17.384204,East,Online
ORD-00708,Charlie,Food,Cereal,2,60.6,0.23,2026-07-14 22:07:17.384206,South,Catalog
ORD-00709,Bob,Sports,Table,4,94.54,0.04,2026-04-01 22:07:17.384208,South,Store
ORD-00710,David,Sports,Cookbook,1,288.31,0.19,2026-05-09 22:07:17.384209,South,Online
ORD-00711,Ivy,Clothing,Cereal,2,155.22,0.04,2026-02-10 22:07:17.384211,South,Catalog
ORD-00712,Frank,Books,Cookbook,1,469.77,0.02,2026-04-30 22:07:17.384213,South,Store
ORD-00713,Alice,Sports,Lamp,4,411.18,0.27,2026-06-05 22:07:17.384215,East,Online
ORD-00714,Henry,Electronics,Jeans,4,491.95,,2025-09-01 22:07:17.384216,North,Store
ORD-00715,Grace,Sports,Lamp,7,137.24,0.25,2026-01-28 22:07:17.384218,East,Online
ORD-00716,Jack,Clothing,T-Shirt,9,485.16,0.16,2025-12-18 22:07:17.384220,East,Store
ORD-00717,Charlie,Food,Table,9,221.3,0.02,2026-01-16 22:07:17.384222,East,Store
ORD-00718,Alice,Clothing,Cookbook,5,180.28,0.29,2025-08-12 22:07:17.384224,West,Online
ORD-00719,Eve,Food,Ball,1,34.67,0.07,2025-12-06 22:07:17.384225,West,Catalog
ORD-00720,David,Food,Lamp,1,35.85,0.26,2025-11-11 22:07:17.384227,East,Store
ORD-00721,Jack,Books,T-Shirt,6,349.09,0.05,2025-11-30 22:07:17.384229,North,Online
ORD-00722,Henry,Sports,Laptop,2,234.39,0.26,2026-06-28 22:07:17.384231,East,Store
ORD-00723,Alice,Electronics,Phone,8,121.0,,2026-05-13 22:07:17.384233,South,Store
ORD-00724,Jack,Electronics,Cereal,9,310.85,0.15,2025-11-05 22:07:17.384235,West,Catalog
ORD-00725,Alice,Home,T-Shirt,4,133.9,0.23,2025-11-12 22:07:17.384236,West,Store
ORD-00726,David,Food,Jeans,5,293.04,0.28,2025-10-26 22:07:17.384238,East,Store
ORD-00727,Henry,Electronics,Lamp,8,186.01,0.27,2026-03-23 22:07:17.384240,East,Online
ORD-00728,Eve,Books,Jeans,3,413.54,0.25,2026-03-02 22:07:17.384242,North,Online
ORD-00729,Bob,Food,Phone,5,412.14,0.27,2025-11-09 22:07:17.384244,North,Catalog
ORD-00730,Frank,Books,Ball,3,243.9,0.06,2026-03-02 22:07:17.384246,South,Store
ORD-00731,Eve,Electronics,Table,3,181.9,0.09,2025-11-07 22:07:17.384247,East,Store
ORD-00732,Bob,Electronics,Table,3,187.65,,2026-06-07 22:07:17.384249,East,Store
ORD-00733,Charlie,Home,Jeans,7,404.8,0.11,2025-08-07 22:07:17.384251,East,Catalog
ORD-00734,Ivy,Electronics,Cookbook,7,170.81,,2026-07-11 22:07:17.384253,West,Store
ORD-00735,Grace,Food,Ball,7,112.44,0.16,2025-12-28 22:07:17.384255,South,Online
ORD-00736,Grace,Food,Table,8,51.5,0.05,2025-09-16 22:07:17.384257,North,Catalog
ORD-00737,Frank,Food,Ball,5,238.68,0.21,2025-12-01 22:07:17.384259,West,Online
ORD-00738,Henry,Home,T-Shirt,5,246.24,0.05,2026-02-25 22:07:17.384261,West,Online
ORD-00739,David,Home,Ball,4,422.05,0.09,2025-09-05 22:07:17.384262,West,Catalog
ORD-00740,Henry,Electronics,Novel,7,118.41,,2026-02-19 22:07:17.384264,West,Online
ORD-00741,David,Clothing,Phone,4,196.69,0.24,2026-02-08 22:07:17.384266,South,Store
ORD-00742,Henry,Clothing,Table,2,406.12,0.22,2026-04-25 22:07:17.384268,East,Catalog
ORD-00743,Ivy,Home,Ball,4,413.58,0.19,2026-01-19 22:07:17.384269,North,Online
ORD-00744,Charlie,Electronics,Jeans,8,198.46,0.05,2025-09-09 22:07:17.384271,North,Store
ORD-00745,Charlie,Clothing,Laptop,9,234.97,0.16,2025-07-31 22:07:17.384273,West,Store
ORD-00746,Bob,Electronics,Novel,3,158.61,0.03,2026-01-31 22:07:17.384275,West,Online
ORD-00747,Jack,Electronics,Novel,7,466.95,0.11,2025-12-19 22:07:17.384277,South,Store
ORD-00748,Charlie,Electronics,Cookbook,9,68.14,0.12,2025-11-02 22:07:17.384278,West,Catalog
ORD-00749,Charlie,Sports,Ball,4,467.54,0.01,2026-04-18 22:07:17.384281,North,Online
ORD-00750,Eve,Food,Cookbook,3,345.09,0.08,2026-03-29 22:07:17.384282,North,Store
ORD-00751,Eve,Electronics,Cookbook,5,270.47,0.29,2026-01-06 22:07:17.384284,East,Store
ORD-00752,Bob,Sports,Laptop,1,26.0,0.29,2025-09-07 22:07:17.384286,East,Online
ORD-00753,,Home,T-Shirt,3,243.04,0.11,2026-07-03 22:07:17.384288,North,Online
ORD-00754,Frank,Clothing,Ball,8,209.8,0.01,2026-01-05 22:07:17.384289,North,Online
ORD-00755,Eve,Food,Lamp,8,89.0,0.05,2025-08-17 22:07:17.384291,South,Online
ORD-00756,Frank,Clothing,Table,4,331.64,0.12,2025-11-18 22:07:17.384293,South,Catalog
ORD-00757,Alice,Food,Cookbook,2,485.86,0.28,2025-10-21 22:07:17.384295,North,Online
ORD-00758,Eve,Clothing,Phone,8,285.47,0.04,2025-11-02 22:07:17.384297,West,Catalog
ORD-00759,Ivy,Food,Cereal,8,360.23,0.23,2026-05-27 22:07:17.384299,East,Catalog
ORD-00760,Jack,Clothing,Phone,4,43.54,0.03,2025-09-25 22:07:17.384301,North,Online
ORD-00761,Bob,Clothing,Laptop,3,214.66,,2026-06-23 22:07:17.384302,West,Catalog
ORD-00762,Alice,Clothing,Laptop,2,67.02,0.11,2025-11-17 22:07:17.384304,North,Online
ORD-00763,Jack,Clothing,Jeans,9,310.27,0.23,2026-04-22 22:07:17.384306,East,Online
ORD-00764,Ivy,Home,T-Shirt,1,469.86,0.1,2025-11-01 22:07:17.384308,East,Store
ORD-00765,Jack,Electronics,Table,7,334.27,0.19,2025-10-26 22:07:17.384310,South,Online
ORD-00766,Ivy,Books,Cookbook,5,47.63,,2026-04-21 22:07:17.384312,South,Store
ORD-00767,Ivy,Sports,Phone,8,183.79,0.04,2026-02-20 22:07:17.384313,South,Catalog
ORD-00768,Frank,Books,Cereal,4,279.83,,2025-10-12 22:07:17.384315,South,Store
ORD-00769,Henry,Books,Laptop,7,207.57,0.28,2026-05-05 22:07:17.384317,East,Catalog
ORD-00770,Alice,Food,Laptop,5,418.49,0.27,2025-10-05 22:07:17.384319,West,Online
ORD-00771,Jack,Electronics,T-Shirt,5,409.19,0.19,2026-05-01 22:07:17.384321,West,Catalog
ORD-00772,David,Food,Cereal,9,309.8,,2025-07-24 22:07:17.384322,West,Catalog
ORD-00773,Alice,Electronics,Cereal,9,192.99,0.02,2026-06-17 22:07:17.384324,North,Online
ORD-00774,Henry,Electronics,T-Shirt,9,135.11,0.1,2025-08-16 22:07:17.384326,South,Catalog
ORD-00775,Alice,Clothing,Laptop,6,61.88,,2025-08-31 22:07:17.384328,South,Online
ORD-00776,Charlie,Home,Table,6,183.9,0.19,2025-12-04 22:07:17.384330,East,Store
ORD-00777,David,Clothing,Ball,5,212.45,0.11,2026-04-22 22:07:17.384332,East,Online
ORD-00778,Henry,Home,Ball,9,341.15,0.04,2025-08-22 22:07:17.384334,North,Online
ORD-00779,Frank,Food,T-Shirt,8,332.5,0.18,2026-04-13 22:07:17.384336,North,Catalog
ORD-00780,Jack,Home,Cereal,7,44.35,0.24,2026-02-08 22:07:17.384338,West,Store
ORD-00781,Grace,Food,Cookbook,7,203.68,,2026-02-15 22:07:17.384340,East,Online
ORD-00782,Henry,Books,T-Shirt,6,99.07,0.04,2026-07-10 22:07:17.384341,South,Store
ORD-00783,Bob,Books,Table,5,86.84,0.06,2025-12-11 22:07:17.384343,West,Store
ORD-00784,Jack,Home,T-Shirt,4,415.38,0.07,2026-05-12 22:07:17.384345,South,Catalog
ORD-00785,Henry,Home,Novel,3,30.54,0.09,2025-11-17 22:07:17.384346,West,Online
ORD-00786,Charlie,Food,Phone,3,215.4,0.19,2026-04-24 22:07:17.384348,South,Catalog
ORD-00787,Grace,Clothing,Cereal,6,92.42,0.18,2025-12-20 22:07:17.384350,North,Online
ORD-00788,Charlie,Food,Jeans,4,440.87,0.21,2026-04-25 22:07:17.384351,West,Store
ORD-00789,Grace,Clothing,Jeans,6,282.95,0.11,2026-06-25 22:07:17.384353,South,Online
ORD-00790,Bob,Books,Cereal,3,123.38,0.25,2025-09-22 22:07:17.384355,South,Online
ORD-00791,Jack,Electronics,Table,4,256.19,0.06,2025-12-16 22:07:17.384357,East,Store
ORD-00792,Frank,Home,Novel,9,368.43,0.14,2025-08-30 22:07:17.384358,West,Store
ORD-00793,Charlie,Clothing,Novel,5,479.48,0.24,2025-12-21 22:07:17.384360,South,Online
ORD-00794,Charlie,Food,Laptop,7,118.02,0.05,2025-12-15 22:07:17.384362,East,Catalog
ORD-00795,Ivy,Books,Phone,2,444.23,0.03,2026-06-12 22:07:17.384364,South,Online
ORD-00796,Grace,Clothing,Ball,5,467.81,0.27,2026-03-11 22:07:17.384367,West,Store
ORD-00797,Eve,Food,Lamp,9,459.05,0.1,2026-06-12 22:07:17.384369,North,Catalog
ORD-00798,Jack,Home,Table,3,321.35,0.21,2026-02-10 22:07:17.384370,West,Store
ORD-00799,Grace,Home,Lamp,9,318.61,0.01,2025-07-28 22:07:17.384372,West,Store
ORD-00800,Ivy,Sports,Lamp,6,207.57,0.21,2025-10-14 22:07:17.384374,South,Catalog
ORD-00801,Alice,Electronics,Cereal,4,378.67,0.09,2026-05-27 22:07:17.384376,South,Store
ORD-00802,Grace,Sports,Jeans,7,270.33,0.02,2025-09-25 22:07:17.384378,West,Store
ORD-00803,Frank,Books,Jeans,8,341.94,0.18,2025-09-05 22:07:17.384379,East,Store
ORD-00804,Jack,Clothing,Ball,6,219.94,0.07,2026-06-29 22:07:17.384381,East,Store
ORD-00805,Ivy,Books,Cereal,5,368.43,0.12,2026-05-12 22:07:17.384383,East,Store
ORD-00806,Alice,Food,Lamp,6,413.99,,2026-03-17 22:07:17.384385,South,Store
ORD-00807,David,Home,Cookbook,5,81.75,0.04,2026-04-28 22:07:17.384387,South,Store
ORD-00808,Ivy,Sports,Jeans,8,418.14,0.09,2025-08-28 22:07:17.384388,West,Store
ORD-00809,David,Sports,Table,1,274.75,0.03,2026-02-21 22:07:17.384390,North,Store
ORD-00810,Jack,Sports,Table,7,423.89,0.27,2026-01-23 22:07:17.384392,South,Online
ORD-00811,Charlie,Books,Laptop,2,221.34,,2026-03-21 22:07:17.384394,West,Online
ORD-00812,Ivy,Home,T-Shirt,9,195.73,0.15,2026-05-18 22:07:17.384395,West,Store
ORD-00813,Bob,Clothing,Cookbook,1,458.38,0.04,2026-07-18 22:07:17.384397,North,Online
ORD-00814,David,Food,Jeans,6,133.07,,2026-03-21 22:07:17.384399,East,Catalog
ORD-00815,,Clothing,Novel,9,423.66,0.28,2025-09-13 22:07:17.384401,West,Online
ORD-00816,Bob,Books,Jeans,1,247.17,0.05,2025-09-01 22:07:17.384403,West,Store
ORD-00817,Henry,Food,Laptop,4,261.91,0.29,2026-06-01 22:07:17.384404,West,Store
ORD-00818,Henry,Sports,Table,4,161.15,0.06,2026-05-19 22:07:17.384406,East,Online
ORD-00819,Alice,Electronics,Lamp,9,290.79,0.22,2025-09-13 22:07:17.384408,East,Store
ORD-00820,Charlie,Books,Novel,5,169.35,0.16,2026-05-03 22:07:17.384410,North,Catalog
ORD-00821,Jack,Books,Cereal,5,29.24,0.27,2026-04-28 22:07:17.384411,South,Catalog
ORD-00822,Ivy,Home,Phone,6,143.28,0.17,2026-07-22 22:07:17.384413,East,Store
ORD-00823,Eve,Clothing,Lamp,1,13.13,0.16,2026-01-01 22:07:17.384415,South,Catalog
ORD-00824,Frank,Books,Phone,1,489.39,0.06,2026-02-24 22:07:17.384417,South,Catalog
ORD-00825,David,Books,Cookbook,9,483.22,0.05,2025-10-04 22:07:17.384418,East,Online
ORD-00826,Jack,Sports,T-Shirt,3,203.63,,2026-04-12 22:07:17.384420,West,Catalog
ORD-00827,Bob,Sports,Novel,4,366.9,0.1,2026-06-30 22:07:17.384422,North,Online
ORD-00828,Henry,Food,Ball,1,179.44,0.11,2025-12-24 22:07:17.384424,South,Store
ORD-00829,Frank,Electronics,Novel,9,338.84,,2026-05-20 22:07:17.384425,West,Online
ORD-00830,Eve,Home,Jeans,8,404.66,0.1,2025-12-27 22:07:17.384427,East,Store
ORD-00831,Ivy,Electronics,Table,2,473.91,0.29,2025-11-15 22:07:17.384429,South,Store
ORD-00832,Alice,Food,Jeans,8,206.1,0.22,2026-03-29 22:07:17.384430,South,Store
ORD-00833,Eve,Sports,Jeans,7,393.82,0.18,2026-03-30 22:07:17.384432,South,Store
ORD-00834,Frank,Clothing,Cookbook,6,140.3,0.26,2025-11-29 22:07:17.384434,West,Store
ORD-00835,Eve,Sports,Lamp,1,495.26,0.01,2026-04-10 22:07:17.384435,West,Online
ORD-00836,Frank,Home,Ball,7,22.63,0.08,2025-11-07 22:07:17.384437,West,Store
ORD-00837,Frank,Sports,Ball,7,305.73,0.14,2026-06-08 22:07:17.384439,South,Catalog
ORD-00838,Grace,Home,Jeans,9,333.16,0.07,2025-09-16 22:07:17.384441,South,Catalog
ORD-00839,David,Home,Phone,1,347.14,0.22,2025-08-27 22:07:17.384442,North,Store
ORD-00840,Henry,Home,Cookbook,2,68.99,0.28,2025-12-20 22:07:17.384444,North,Catalog
ORD-00841,Grace,Food,Jeans,9,469.88,0.13,2025-09-26 22:07:17.384446,West,Online
ORD-00842,Ivy,Home,T-Shirt,9,98.78,0.1,2025-08-25 22:07:17.384448,West,Online
ORD-00843,Grace,Home,Table,6,315.15,0.29,2026-06-30 22:07:17.384450,East,Store
ORD-00844,Charlie,Clothing,Lamp,6,119.11,0.13,2026-06-19 22:07:17.384451,West,Store
ORD-00845,Charlie,Electronics,Cereal,4,160.54,0.15,2026-06-30 22:07:17.384453,North,Store
ORD-00846,Henry,Books,T-Shirt,4,277.76,0.11,2026-06-26 22:07:17.384455,North,Catalog
ORD-00847,Eve,Electronics,Phone,5,214.42,0.27,2026-07-08 22:07:17.384457,North,Catalog
ORD-00848,David,Home,Novel,3,88.51,0.17,2026-05-26 22:07:17.384458,South,Online
ORD-00849,Henry,Clothing,Novel,1,93.76,0.23,2025-11-23 22:07:17.384460,South,Catalog
ORD-00850,Frank,Sports,T-Shirt,1,214.89,0.24,2025-12-29 22:07:17.384462,West,Online
ORD-00851,Bob,Clothing,Jeans,7,381.07,0.1,2025-10-26 22:07:17.384463,East,Catalog
ORD-00852,,Home,Cereal,1,450.0,0.13,2025-11-17 22:07:17.384465,East,Online
ORD-00853,David,Clothing,Laptop,1,51.22,0.25,2025-10-30 22:07:17.384467,East,Store
ORD-00854,Frank,Clothing,Laptop,3,202.62,0.11,2026-01-12 22:07:17.384468,South,Catalog
ORD-00855,Frank,Home,Phone,4,59.12,0.24,2025-08-23 22:07:17.384470,North,Online
ORD-00856,Alice,Food,Jeans,4,18.13,0.28,2025-12-18 22:07:17.384472,North,Catalog
ORD-00857,Henry,Clothing,Ball,2,334.24,0.19,2026-03-31 22:07:17.384473,South,Store
ORD-00858,Frank,Books,Ball,1,305.2,0.22,2026-05-17 22:07:17.384475,East,Online
ORD-00859,Charlie,Books,Lamp,3,89.88,0.24,2025-09-28 22:07:17.384476,East,Catalog
ORD-00860,Ivy,Clothing,Cereal,4,124.57,0.25,2025-09-02 22:07:17.384478,West,Catalog
ORD-00861,Bob,Food,Cereal,3,21.62,0.12,2026-05-10 22:07:17.384480,West,Store
ORD-00862,Henry,Sports,Novel,8,419.12,0.02,2026-04-12 22:07:17.384482,East,Store
ORD-00863,Jack,Home,Cookbook,1,487.6,0.12,2025-09-30 22:07:17.384483,South,Online
ORD-00864,Charlie,Books,Phone,2,76.38,0.2,2026-01-27 22:07:17.384485,East,Catalog
ORD-00865,Eve,Sports,Laptop,7,123.42,0.14,2025-12-21 22:07:17.384487,West,Catalog
ORD-00866,Frank,Clothing,Phone,4,435.52,0.22,2025-09-12 22:07:17.384488,East,Store
ORD-00867,Jack,Sports,Ball,8,463.97,0.11,2026-06-15 22:07:17.384490,South,Store
ORD-00868,Frank,Electronics,Ball,3,215.62,0.19,2025-11-07 22:07:17.384492,North,Online
ORD-00869,David,Books,T-Shirt,6,34.81,0.06,2026-01-01 22:07:17.384493,South,Catalog
ORD-00870,Charlie,Clothing,Lamp,9,29.3,0.22,2026-07-17 22:07:17.384495,South,Catalog
ORD-00871,David,Home,Cereal,1,291.24,,2026-06-05 22:07:17.384496,West,Online
ORD-00872,Alice,Food,Table,1,202.52,0.06,2026-06-28 22:07:17.384498,South,Online
ORD-00873,,Clothing,Phone,8,24.04,0.09,2026-02-13 22:07:17.384500,South,Store
ORD-00874,Alice,Home,Ball,3,295.79,0.22,2025-08-01 22:07:17.384501,West,Store
ORD-00875,Alice,Food,Cookbook,5,15.54,0.14,2026-01-29 22:07:17.384503,West,Online
ORD-00876,Jack,Food,Novel,1,395.81,0.06,2026-05-06 22:07:17.384505,North,Online
ORD-00877,Frank,Clothing,Laptop,5,160.15,0.29,2026-07-22 22:07:17.384506,East,Catalog
ORD-00878,Eve,Sports,Lamp,6,29.73,0.21,2026-03-14 22:07:17.384508,South,Online
ORD-00879,David,Sports,Cookbook,8,298.29,0.29,2025-10-21 22:07:17.384509,West,Online
ORD-00880,Charlie,Food,Lamp,3,204.87,0.13,2026-03-29 22:07:17.384511,North,Catalog
ORD-00881,Alice,Sports,T-Shirt,3,487.16,0.14,2026-02-10 22:07:17.384513,East,Online
ORD-00882,Frank,Electronics,Table,9,276.66,0.27,2025-10-09 22:07:17.384514,West,Store
ORD-00883,Bob,Food,Ball,4,144.87,0.16,2026-06-26 22:07:17.384516,East,Store
ORD-00884,Henry,Food,Novel,4,357.63,0.21,2025-08-25 22:07:17.384518,East,Catalog
ORD-00885,Jack,Home,Cookbook,7,143.03,0.08,2026-07-23 22:07:17.384519,South,Online
ORD-00886,Eve,Sports,Lamp,2,453.08,0.13,2026-01-17 22:07:17.384521,South,Store
ORD-00887,Grace,Food,Cereal,8,193.61,0.04,2026-05-29 22:07:17.384523,West,Store
ORD-00888,Jack,Electronics,T-Shirt,6,279.44,0.06,2026-06-19 22:07:17.384524,East,Store
ORD-00889,Bob,Home,Cereal,3,34.78,0.0,2026-04-03 22:07:17.384526,West,Store
ORD-00890,Henry,Clothing,Novel,9,218.8,0.01,2025-10-11 22:07:17.384527,West,Online
ORD-00891,Bob,Food,Cookbook,5,417.86,0.29,2025-09-17 22:07:17.384529,East,Online
ORD-00892,David,Electronics,T-Shirt,8,404.77,0.07,2026-06-18 22:07:17.384531,West,Online
ORD-00893,Alice,Books,Cookbook,7,119.92,0.2,2025-12-19 22:07:17.384533,East,Online
ORD-00894,Eve,Electronics,Ball,8,120.78,0.25,2026-05-05 22:07:17.384534,East,Store
ORD-00895,Ivy,Electronics,Jeans,7,410.48,0.17,2025-09-13 22:07:17.384536,East,Catalog
ORD-00896,Alice,Home,T-Shirt,3,465.9,0.05,2026-05-02 22:07:17.384538,East,Catalog
ORD-00897,Ivy,Clothing,Cereal,2,56.73,0.22,2026-05-20 22:07:17.384539,North,Store
ORD-00898,Henry,Books,Novel,7,230.53,0.18,2025-09-02 22:07:17.384541,East,Store
ORD-00899,Frank,Sports,Table,3,175.35,0.22,2026-03-18 22:07:17.384543,South,Catalog
ORD-00900,Grace,Sports,Ball,3,436.64,0.23,2025-09-20 22:07:17.384544,South,Catalog
ORD-00901,Charlie,Electronics,Jeans,2,50.93,0.29,2026-07-02 22:07:17.384546,South,Store
ORD-00902,Alice,Home,Table,4,113.45,0.17,2025-12-20 22:07:17.384548,East,Store
ORD-00903,Eve,Home,Laptop,8,378.71,,2026-04-08 22:07:17.384549,South,Online
ORD-00904,Bob,Sports,Ball,1,35.13,0.19,2026-04-06 22:07:17.384551,North,Online
ORD-00905,Eve,Books,Novel,1,251.34,0.02,2025-08-01 22:07:17.384553,West,Catalog
ORD-00906,Henry,Clothing,Lamp,5,226.63,0.27,2026-01-24 22:07:17.384554,East,Store
ORD-00907,Ivy,Books,T-Shirt,5,173.86,0.04,2025-08-02 22:07:17.384556,South,Catalog
ORD-00908,Bob,Food,Cookbook,1,203.34,0.1,2026-02-10 22:07:17.384558,North,Online
ORD-00909,Charlie,Food,Novel,6,269.67,0.24,2026-05-17 22:07:17.384559,West,Online
ORD-00910,Charlie,Clothing,T-Shirt,1,89.07,0.18,2025-10-05 22:07:17.384561,North,Catalog
ORD-00911,Alice,Sports,Table,5,290.28,0.12,2026-01-25 22:07:17.384563,South,Online
ORD-00912,Henry,Clothing,Cookbook,9,404.66,0.14,2026-01-24 22:07:17.384564,North,Store
ORD-00913,Frank,Home,Phone,5,382.48,0.26,2026-02-05 22:07:17.384566,West,Catalog
ORD-00914,Henry,Food,Cereal,6,85.41,0.1,2026-07-02 22:07:17.384568,South,Store
ORD-00915,Ivy,Electronics,Laptop,8,83.13,0.26,2026-05-19 22:07:17.384569,West,Store
ORD-00916,Eve,Electronics,Ball,1,141.41,0.03,2026-07-03 22:07:17.384571,North,Online
ORD-00917,Charlie,Sports,Novel,2,186.93,0.23,2026-04-15 22:07:17.384573,East,Store
ORD-00918,Eve,Home,Laptop,9,210.14,0.25,2025-09-27 22:07:17.384574,East,Catalog
ORD-00919,Eve,Books,Lamp,3,343.05,0.05,2026-04-12 22:07:17.384576,East,Store
ORD-00920,Eve,Home,T-Shirt,6,37.77,0.13,2026-06-07 22:07:17.384578,East,Store
ORD-00921,Charlie,Electronics,T-Shirt,5,26.99,0.05,2026-06-15 22:07:17.384579,West,Store
ORD-00922,Jack,Electronics,Novel,2,202.04,0.21,2025-10-12 22:07:17.384581,East,Store
ORD-00923,David,Food,Jeans,7,351.61,0.16,2025-09-17 22:07:17.384582,West,Store
ORD-00924,Ivy,Home,Jeans,4,104.78,0.19,2026-04-25 22:07:17.384584,South,Online
ORD-00925,Jack,Home,Phone,1,324.34,0.06,2026-04-30 22:07:17.384586,East,Catalog
ORD-00926,,Electronics,Cereal,4,137.32,,2025-10-24 22:07:17.384588,West,Online
ORD-00927,Bob,Books,Cookbook,6,444.18,0.01,2025-08-22 22:07:17.384589,East,Catalog
ORD-00928,Henry,Sports,Lamp,7,448.89,0.1,2026-01-17 22:07:17.384591,East,Catalog
ORD-00929,Henry,Sports,Laptop,7,155.67,0.17,2026-02-15 22:07:17.384593,East,Catalog
ORD-00930,Grace,Home,Jeans,7,122.7,0.26,2025-11-23 22:07:17.384594,West,Catalog
ORD-00931,Henry,Sports,Phone,3,211.54,0.2,2026-05-12 22:07:17.384596,North,Catalog
ORD-00932,Charlie,Electronics,Phone,6,127.86,,2026-06-05 22:07:17.384598,East,Store
ORD-00933,Frank,Electronics,Novel,8,339.47,0.29,2026-04-14 22:07:17.384599,East,Online
ORD-00934,Alice,Home,Lamp,4,414.77,0.22,2026-07-22 22:07:17.384601,South,Online
ORD-00935,,Home,Table,8,339.82,0.28,2025-11-22 22:07:17.384602,North,Store
ORD-00936,Alice,Food,Cookbook,2,413.93,0.16,2026-01-29 22:07:17.384604,West,Catalog
ORD-00937,Ivy,Home,Cereal,9,204.53,0.08,2025-11-28 22:07:17.384606,South,Online
ORD-00938,Alice,Books,Ball,9,86.6,0.02,2026-05-26 22:07:17.384607,East,Store
ORD-00939,Alice,Sports,Novel,8,371.6,0.22,2025-08-05 22:07:17.384609,South,Store
ORD-00940,Grace,Home,Cookbook,1,186.63,0.04,2026-04-16 22:07:17.384611,South,Online
ORD-00941,Bob,Clothing,Ball,2,338.92,0.09,2025-07-30 22:07:17.384612,East,Online
ORD-00942,Eve,Food,Ball,6,142.62,0.16,2026-07-22 22:07:17.384614,North,Catalog
ORD-00943,Henry,Clothing,Lamp,5,49.8,0.17,2025-11-23 22:07:17.384616,North,Catalog
ORD-00944,Henry,Electronics,Lamp,9,496.37,0.18,2025-09-30 22:07:17.384617,South,Online
ORD-00945,Charlie,Sports,Laptop,5,86.54,0.05,2025-12-25 22:07:17.384619,East,Catalog
ORD-00946,Grace,Home,Phone,2,494.33,0.11,2026-03-23 22:07:17.384621,West,Store
ORD-00947,Charlie,Clothing,Cookbook,4,488.87,0.19,2025-12-07 22:07:17.384622,South,Catalog
ORD-00948,,Sports,Novel,9,398.97,0.29,2026-05-03 22:07:17.384624,West,Catalog
ORD-00949,Frank,Electronics,T-Shirt,1,333.12,0.22,2026-03-02 22:07:17.384626,South,Store
ORD-00950,Charlie,Books,Novel,1,293.13,0.28,2026-03-06 22:07:17.384627,South,Catalog
ORD-00951,Grace,Food,Laptop,7,434.39,0.23,2026-06-25 22:07:17.384629,East,Store
ORD-00952,Charlie,Sports,Cereal,3,151.83,0.18,2025-10-27 22:07:17.384630,East,Catalog
ORD-00953,Henry,Sports,Phone,2,239.16,0.06,2025-11-19 22:07:17.384632,West,Online
ORD-00954,Jack,Books,T-Shirt,9,313.5,0.2,2026-07-12 22:07:17.384634,West,Catalog
ORD-00955,David,Sports,Jeans,3,211.48,0.19,2025-08-03 22:07:17.384635,North,Online
ORD-00956,Alice,Electronics,Cereal,2,219.47,0.18,2025-08-21 22:07:17.384637,East,Online
ORD-00957,David,Electronics,Lamp,8,171.84,0.15,2026-04-09 22:07:17.384639,South,Online
ORD-00958,Grace,Books,Ball,6,286.47,0.16,2026-06-22 22:07:17.384640,South,Online
ORD-00959,David,Food,Jeans,6,426.78,,2026-05-11 22:07:17.384642,North,Online
ORD-00960,Frank,Home,Novel,7,108.75,0.16,2026-02-03 22:07:17.384644,East,Store
ORD-00961,Ivy,Clothing,Novel,7,467.87,0.06,2025-08-21 22:07:17.384645,South,Store
ORD-00962,Alice,Home,Lamp,6,347.65,0.24,2026-05-16 22:07:17.384647,North,Store
ORD-00963,Eve,Sports,Laptop,4,413.4,,2025-09-26 22:07:17.384649,North,Online
ORD-00964,Grace,Clothing,Cookbook,9,282.53,0.03,2025-07-27 22:07:17.384651,South,Catalog
ORD-00965,Alice,Books,Jeans,6,391.96,0.13,2026-03-09 22:07:17.384652,South,Store
ORD-00966,David,Books,Jeans,4,17.94,0.2,2026-04-15 22:07:17.384654,West,Catalog
ORD-00967,Frank,Food,Table,3,411.01,0.13,2026-02-28 22:07:17.384655,East,Catalog
ORD-00968,Bob,Clothing,Cereal,4,29.67,,2026-07-15 22:07:17.384657,West,Online
ORD-00969,Jack,Electronics,Phone,3,446.06,0.17,2026-05-23 22:07:17.384659,North,Online
ORD-00970,Eve,Clothing,Cereal,2,496.06,0.1,2026-01-20 22:07:17.384660,South,Online
ORD-00971,Jack,Sports,Cookbook,5,154.09,0.28,2026-06-25 22:07:17.384662,West,Store
ORD-00972,Alice,Electronics,Novel,2,113.06,0.28,2026-04-01 22:07:17.384663,North,Online
ORD-00973,Frank,Books,Novel,6,385.03,0.15,2026-03-03 22:07:17.384665,East,Store
ORD-00974,Frank,Clothing,Novel,3,133.98,0.1,2026-03-26 22:07:17.384667,South,Store
ORD-00975,David,Home,Table,6,434.13,0.22,2026-02-04 22:07:17.384669,West,Store
ORD-00976,Henry,Food,Novel,9,60.39,0.01,2026-02-17 22:07:17.384670,East,Store
ORD-00977,David,Home,Cookbook,1,71.72,0.14,2025-08-23 22:07:17.384672,West,Online
ORD-00978,Henry,Food,Lamp,6,489.78,0.1,2025-08-09 22:07:17.384674,North,Store
ORD-00979,Henry,Sports,Phone,9,340.18,0.28,2025-11-06 22:07:17.384675,East,Online
ORD-00980,Eve,Home,Cookbook,4,424.97,0.0,2026-05-03 22:07:17.384677,West,Online
ORD-00981,David,Clothing,Phone,2,168.92,0.17,2025-11-24 22:07:17.384679,East,Store
ORD-00982,Bob,Clothing,Cookbook,4,341.48,0.22,2026-02-02 22:07:17.384680,North,Online
ORD-00983,Charlie,Home,Novel,1,301.18,0.15,2025-12-05 22:07:17.384682,East,Catalog
ORD-00984,Charlie,Clothing,Lamp,3,305.54,0.03,2025-12-28 22:07:17.384684,West,Online
ORD-00985,David,Sports,Jeans,9,344.44,0.29,2026-05-10 22:07:17.384685,North,Online
ORD-00986,David,Electronics,Cereal,5,291.93,0.16,2025-10-27 22:07:17.384687,South,Store
ORD-00987,Jack,Sports,Ball,6,220.24,0.18,2026-04-01 22:07:17.384688,West,Store
ORD-00988,Eve,Food,Lamp,3,145.2,0.07,2026-05-23 22:07:17.384690,West,Online
ORD-00989,David,Sports,Jeans,5,386.6,,2025-07-27 22:07:17.384692,North,Store
ORD-00990,Jack,Food,Laptop,8,120.87,0.13,2025-09-07 22:07:17.384693,North,Catalog
ORD-00991,Henry,Clothing,Cookbook,6,349.25,0.02,2026-04-13 22:07:17.384695,South,Catalog
ORD-00992,Frank,Electronics,Laptop,4,124.33,0.03,2025-07-27 22:07:17.384696,West,Store
ORD-00993,Frank,Clothing,Jeans,2,316.41,0.25,2025-12-26 22:07:17.384698,North,Online
ORD-00994,Henry,Books,Lamp,9,376.07,0.07,2025-11-11 22:07:17.384700,South,Catalog
ORD-00995,,Clothing,Cookbook,1,117.17,0.06,2026-07-04 22:07:17.384701,South,Catalog
ORD-00996,,Food,Ball,1,39.37,0.15,2026-05-27 22:07:17.384703,North,Online
ORD-00997,Jack,Clothing,Novel,4,74.18,0.23,2026-04-03 22:07:17.384705,West,Store
ORD-00998,Henry,Clothing,Cookbook,7,306.94,0.02,2025-09-14 22:07:17.384706,East,Catalog
ORD-00999,Bob,Electronics,Cookbook,1,426.23,0.17,2026-01-09 22:07:17.384708,East,Online
ORD-01000,Ivy,Clothing,Lamp,9,32.05,0.04,2025-08-05 22:07:17.384710,South,Online
ORD-00182,Eve,Food,Table,4,14.89,,2025-12-10 22:07:17.383249,North,Online
ORD-00429,David,Books,T-Shirt,9,44.81,0.06,2025-11-12 22:07:17.383699,West,Catalog
ORD-00171,Charlie,Sports,T-Shirt,9,110.12,0.03,2025-10-05 22:07:17.383229,North,Online
ORD-00463,Jack,Sports,Table,7,294.54,0.05,2026-04-07 22:07:17.383762,South,Online
ORD-00808,Ivy,Sports,Jeans,8,418.14,0.09,2025-08-28 22:07:17.384388,West,Store
ORD-00993,Frank,Clothing,Jeans,2,316.41,0.25,2025-12-26 22:07:17.384698,North,Online
ORD-00964,Grace,Clothing,Cookbook,9,282.53,0.03,2025-07-27 22:07:17.384651,South,Catalog
ORD-00603,Frank,Clothing,Phone,1,389.87,0.1,2025-08-18 22:07:17.384016,North,Store
ORD-00946,Grace,Home,Phone,2,494.33,0.11,2026-03-23 22:07:17.384621,West,Store
ORD-00805,Ivy,Books,Cereal,5,368.43,0.12,2026-05-12 22:07:17.384383,East,Store
ORD-00239,Ivy,Sports,Cereal,1,78.76,0.03,2025-09-15 22:07:17.383351,North,Catalog
ORD-00865,Eve,Sports,Laptop,7,123.42,0.14,2025-12-21 22:07:17.384487,West,Catalog
ORD-00770,Alice,Food,Laptop,5,418.49,0.27,2025-10-05 22:07:17.384319,West,Online
ORD-00505,Ivy,Sports,T-Shirt,8,249.92,0.13,2025-12-05 22:07:17.383839,South,Store
ORD-00083,Henry,Home,Ball,5,88.15,0.13,2026-07-19 22:07:17.383065,North,Catalog
ORD-00658,Frank,Books,Table,7,211.49,0.01,2025-12-10 22:07:17.384116,South,Store
ORD-00611,Eve,Food,Phone,1,309.62,0.07,2026-06-02 22:07:17.384030,South,Store
ORD-00358,Jack,Books,Lamp,4,360.4,0.24,2025-09-12 22:07:17.383571,South,Online
ORD-00066,Jack,Electronics,Table,3,328.17,0.0,2026-05-09 22:07:17.383033,East,Online
ORD-00148,Ivy,Sports,Laptop,6,480.33,0.23,2025-09-03 22:07:17.383187,North,Store
